INSERT INTO users_role (name) VALUES
('Admin'),          -- Administrador
('SupProy'),        -- Supervisor de Proyecto
('RespSeg'),       -- Responsable de Seguimiento
('TomDatos'),       -- Tomador de Datos
('Paciente');       -- Paciente


-- Inserción masiva de 60 registros en la tabla usuarios con todos los campos
INSERT INTO users_usuario (nombre, correo, password, role_id, is_superuser, is_active, is_staff, last_login)
VALUES 
('maria', 'maria.gonzalez@example.com', 'password_hash1', 1, FALSE, TRUE, FALSE, NULL),
('juan', 'juan.perez@example.com', 'password_hash2', 2, FALSE, TRUE, FALSE, NULL),
('carmen', 'carmen.rodriguez@example.com', 'password_hash3', 3, FALSE, TRUE, FALSE, NULL),
('luis', 'luis.lopez@example.com', 'password_hash4', 4, FALSE, TRUE, FALSE, NULL),
('ana', 'ana.martinez@example.com', 'password_hash5', 5, FALSE, TRUE, FALSE, NULL),
('jose', 'jose.garcia@example.com', 'password_hash6', 1, FALSE, TRUE, FALSE, NULL),
('luis', 'luis.hernandez@example.com', 'password_hash7', 2, FALSE, TRUE, FALSE, NULL),
('pedro', 'pedro.sanchez@example.com', 'password_hash8', 3, FALSE, TRUE, FALSE, NULL),
('laura', 'laura.torres@example.com', 'password_hash9', 4, FALSE, TRUE, FALSE, NULL),
('maria', 'maria.ramirez@example.com', 'password_hash10', 5, FALSE, TRUE, FALSE, NULL),
('ricardo', 'ricardo.fernandez@example.com', 'password_hash11', 1, FALSE, TRUE, FALSE, NULL),
('juan', 'juan.rivera@example.com', 'password_hash12', 2, FALSE, TRUE, FALSE, NULL),
('claudia', 'claudia.gomez@example.com', 'password_hash13', 3, FALSE, TRUE, FALSE, NULL),
('jorge', 'jorge.vargas@example.com', 'password_hash14', 4, FALSE, TRUE, FALSE, NULL),
('andrea', 'andrea.romero@example.com', 'password_hash15', 5, FALSE, TRUE, FALSE, NULL),
('victor', 'victor.morales@example.com', 'password_hash16', 1, FALSE, TRUE, FALSE, NULL),
('david', 'david.ortiz@example.com', 'password_hash17', 2, FALSE, TRUE, FALSE, NULL),
('carlos', 'carlos.reyes@example.com', 'password_hash18', 3, FALSE, TRUE, FALSE, NULL),
('patricia', 'patricia.flores@example.com', 'password_hash19', 4, FALSE, TRUE, FALSE, NULL),
('natalia', 'natalia.munoz@example.com', 'password_hash20', 5, FALSE, TRUE, FALSE, NULL),
('francisco', 'francisco.gutierrez@example.com', 'password_hash21', 1, FALSE, TRUE, FALSE, NULL),
('susana', 'susana.rivas@example.com', 'password_hash22', 2, FALSE, TRUE, FALSE, NULL),
('alberto', 'alberto.fernandez@example.com', 'password_hash23', 3, FALSE, TRUE, FALSE, NULL),
('daniel', 'daniel.ruiz@example.com', 'password_hash24', 4, FALSE, TRUE, FALSE, NULL),
('manuel', 'manuel.ramirez@example.com', 'password_hash25', 5, FALSE, TRUE, FALSE, NULL),
('marco', 'marco.cabrera@example.com', 'password_hash26', 1, FALSE, TRUE, FALSE, NULL),
('lorena', 'lorena.salinas@example.com', 'password_hash27', 2, FALSE, TRUE, FALSE, NULL),
('adriana', 'adriana.medina@example.com', 'password_hash28', 3, FALSE, TRUE, FALSE, NULL),
('fernando', 'fernando.molina@example.com', 'password_hash29', 4, FALSE, TRUE, FALSE, NULL),
('alejandra', 'alejandra.castro@example.com', 'password_hash30', 5, FALSE, TRUE, FALSE, NULL),
('sofia', 'sofia.diaz@example.com', 'password_hash31', 1, FALSE, TRUE, FALSE, NULL),
('esteban', 'esteban.mendez@example.com', 'password_hash32', 2, FALSE, TRUE, FALSE, NULL),
('valeria', 'valeria.martinez@example.com', 'password_hash33', 3, FALSE, TRUE, FALSE, NULL),
('emilio', 'emilio.ruiz@example.com', 'password_hash34', 4, FALSE, TRUE, FALSE, NULL),
('carlos', 'carlos.galindo@example.com', 'password_hash35', 5, FALSE, TRUE, FALSE, NULL),
('marta', 'marta.alvarez@example.com', 'password_hash36', 1, FALSE, TRUE, FALSE, NULL),
('javier', 'javier.pineda@example.com', 'password_hash37', 2, FALSE, TRUE, FALSE, NULL),
('lucia', 'lucia.moreno@example.com', 'password_hash38', 3, FALSE, TRUE, FALSE, NULL),
('camila', 'camila.rivas@example.com', 'password_hash39', 4, FALSE, TRUE, FALSE, NULL),
('sebastian', 'sebastian.leon@example.com', 'password_hash40', 5, FALSE, TRUE, FALSE, NULL),
('angelica', 'angelica.silva@example.com', 'password_hash41', 1, FALSE, TRUE, FALSE, NULL),
('diego', 'diego.gonzalez@example.com', 'password_hash42', 2, FALSE, TRUE, FALSE, NULL),
('gabriela', 'gabriela.lopez@example.com', 'password_hash43', 3, FALSE, TRUE, FALSE, NULL),
('miguel', 'miguel.martinez@example.com', 'password_hash44', 4, FALSE, TRUE, FALSE, NULL),
('elena', 'elena.rosales@example.com', 'password_hash45', 5, FALSE, TRUE, FALSE, NULL),
('hugo', 'hugo.mendez@example.com', 'password_hash46', 1, FALSE, TRUE, FALSE, NULL),
('karla', 'karla.cervantes@example.com', 'password_hash47', 2, FALSE, TRUE, FALSE, NULL),
('renato', 'renato.benitez@example.com', 'password_hash48', 3, FALSE, TRUE, FALSE, NULL),
('liliana', 'liliana.cortes@example.com', 'password_hash49', 4, FALSE, TRUE, FALSE, NULL),
('eduardo', 'eduardo.arias@example.com', 'password_hash50', 5, FALSE, TRUE, FALSE, NULL),
('paula', 'paula.santos@example.com', 'password_hash51', 1, FALSE, TRUE, FALSE, NULL),
('alejandro', 'alejandro.romero@example.com', 'password_hash52', 2, FALSE, TRUE, FALSE, NULL),
('florencia', 'florencia.miranda@example.com', 'password_hash53', 3, FALSE, TRUE, FALSE, NULL),
('victoria', 'victoria.guerrero@example.com', 'password_hash54', 4, FALSE, TRUE, FALSE, NULL),
('sergio', 'sergio.martin@example.com', 'password_hash55', 5, FALSE, TRUE, FALSE, NULL),
('julieta', 'julieta.castillo@example.com', 'password_hash56', 1, FALSE, TRUE, FALSE, NULL),
('raul', 'raul.ramirez@example.com', 'password_hash57', 2, FALSE, TRUE, FALSE, NULL),
('laura', 'laura.blanco@example.com', 'password_hash58', 3, FALSE, TRUE, FALSE, NULL),
('antonio', 'antonio.camacho@example.com', 'password_hash59', 4, FALSE, TRUE, FALSE, NULL),
('andres', 'andres.torres@example.com', 'password_hash60', 5, FALSE, TRUE, FALSE, NULL);




-- Inserción masiva de 60 registros en la tabla datos_personales_usuarios
INSERT INTO users_datospersonalesusuario (usuario_id, nombres_apellidos, sexo, edad, estado_civil, fecha_nacimiento, telefono, grado_instruccion, procedencia, religion, fecha)
VALUES 
(1, 'Maria Gonzalez', 'F', 28, 'Soltera', '1996-03-15', '60012345', 'Licenciatura', 'Santa Cruz', 'Católica', '2024-09-01'),
(2, 'Juan Perez', 'M', 32, 'Casado', '1992-08-12', '72012345', 'Bachiller', 'La Paz', 'Cristiana', '2024-09-01'),
(3, 'Carmen Rodriguez', 'F', 25, 'Soltera', '1999-06-21', '73012345', 'Maestría', 'Cochabamba', 'Católica', '2024-09-01'),
(4, 'Luis Lopez', 'M', 45, 'Divorciado', '1979-11-03', '74012345', 'Doctorado', 'Oruro', 'Ninguna', '2024-09-01'),
(5, 'Ana Martinez', 'F', 38, 'Casada', '1986-05-09', '75012345', 'Licenciatura', 'Tarija', 'Evangélica', '2024-09-01'),
(6, 'Jose Garcia', 'M', 22, 'Soltero', '2002-10-22', '76012345', 'Técnico Medio', 'Potosí', 'Católica', '2024-09-01'),
(7, 'Luis Hernandez', 'M', 30, 'Soltero', '1994-07-14', '77012345', 'Licenciatura', 'Chuquisaca', 'Católica', '2024-09-01'),
(8, 'Pedro Sanchez', 'M', 27, 'Casado', '1997-04-10', '78012345', 'Maestría', 'Beni', 'Protestante', '2024-09-01'),
(9, 'Laura Torres', 'F', 34, 'Divorciada', '1990-01-05', '79012345', 'Doctorado', 'Pando', 'Católica', '2024-09-01'),
(10, 'Maria Ramirez', 'F', 31, 'Soltera', '1993-12-23', '61012345', 'Licenciatura', 'Santa Cruz', 'Cristiana', '2024-09-01'),
(11, 'Ricardo Fernandez', 'M', 40, 'Casado', '1984-02-27', '62012345', 'Técnico Superior', 'La Paz', 'Ninguna', '2024-09-01'),
(12, 'Juan Rivera', 'M', 29, 'Soltero', '1995-06-17', '63012345', 'Licenciatura', 'Cochabamba', 'Católica', '2024-09-01'),
(13, 'Claudia Gomez', 'F', 26, 'Soltera', '1998-03-25', '64012345', 'Bachiller', 'Oruro', 'Evangélica', '2024-09-01'),
(14, 'Jorge Vargas', 'M', 33, 'Casado', '1991-09-19', '65012345', 'Licenciatura', 'Tarija', 'Católica', '2024-09-01'),
(15, 'Andrea Romero', 'F', 41, 'Casada', '1983-12-11', '66012345', 'Doctorado', 'Potosí', 'Protestante', '2024-09-01'),
(16, 'Victor Morales', 'M', 36, 'Soltero', '1988-07-28', '67012345', 'Licenciatura', 'Chuquisaca', 'Católica', '2024-09-01'),
(17, 'David Ortiz', 'M', 25, 'Soltero', '1999-10-02', '68012345', 'Técnico Superior', 'Beni', 'Católica', '2024-09-01'),
(18, 'Carlos Reyes', 'M', 48, 'Divorciado', '1976-05-06', '69012345', 'Doctorado', 'Pando', 'Ninguna', '2024-09-01'),
(19, 'Patricia Flores', 'F', 30, 'Casada', '1994-11-09', '70012345', 'Licenciatura', 'Santa Cruz', 'Evangélica', '2024-09-01'),
(20, 'Natalia Muñoz', 'F', 28, 'Soltera', '1996-08-18', '71012345', 'Técnico Medio', 'La Paz', 'Católica', '2024-09-01'),
(21, 'Francisco Gutierrez', 'M', 35, 'Casado', '1989-03-12', '82012345', 'Licenciatura', 'Cochabamba', 'Protestante', '2024-09-01'),
(22, 'Susana Rivas', 'F', 42, 'Casada', '1982-06-14', '83012345', 'Maestría', 'Oruro', 'Católica', '2024-09-01'),
(23, 'Alberto Fernandez', 'M', 24, 'Soltero', '2000-11-22', '84012345', 'Bachiller', 'Tarija', 'Ninguna', '2024-09-01'),
(24, 'Daniel Ruiz', 'M', 29, 'Casado', '1995-09-15', '85012345', 'Técnico Superior', 'Potosí', 'Católica', '2024-09-01'),
(25, 'Manuel Ramirez', 'M', 39, 'Divorciado', '1985-01-10', '86012345', 'Doctorado', 'Chuquisaca', 'Evangélica', '2024-09-01'),
(26, 'Marco Cabrera', 'M', 27, 'Soltero', '1997-12-01', '87012345', 'Licenciatura', 'Beni', 'Cristiana', '2024-09-01'),
(27, 'Lorena Salinas', 'F', 34, 'Casada', '1990-03-16', '88012345', 'Maestría', 'Pando', 'Católica', '2024-09-01'),
(28, 'Adriana Medina', 'F', 23, 'Soltera', '2001-08-09', '89012345', 'Bachiller', 'Santa Cruz', 'Ninguna', '2024-09-01'),
(29, 'Fernando Molina', 'M', 45, 'Casado', '1979-12-20', '90012345', 'Técnico Medio', 'La Paz', 'Protestante', '2024-09-01'),
(30, 'Alejandra Castro', 'F', 40, 'Soltera', '1984-04-29', '91012345', 'Licenciatura', 'Cochabamba', 'Católica', '2024-09-01'),
(31, 'Sofia Diaz', 'F', 22, 'Soltera', '2002-05-25', '92012345', 'Licenciatura', 'Oruro', 'Cristiana', '2024-09-01'),
(32, 'Esteban Mendez', 'M', 38, 'Casado', '1986-07-11', '93012345', 'Técnico Superior', 'Tarija', 'Católica', '2024-09-01'),
(33, 'Valeria Martinez', 'F', 33, 'Soltera', '1991-10-08', '94012345', 'Doctorado', 'Potosí', 'Protestante', '2024-09-01'),
(34, 'Emilio Ruiz', 'M', 31, 'Casado', '1993-02-15', '95012345', 'Bachiller', 'Chuquisaca', 'Católica', '2024-09-01'),
(35, 'Carlos Galindo', 'M', 47, 'Soltero', '1977-09-23', '96012345', 'Maestría', 'Beni', 'Ninguna', '2024-09-01'),
(36, 'Marta Alvarez', 'F', 37, 'Casada', '1987-06-05', '97012345', 'Licenciatura', 'Pando', 'Católica', '2024-09-01'),
(37, 'Javier Pineda', 'M', 33, 'Divorciado', '1991-12-18', '98012345', 'Doctorado', 'Santa Cruz', 'Cristiana', '2024-09-01'),
(38, 'Lucia Moreno', 'F', 29, 'Casada', '1995-04-07', '99012345', 'Técnico Medio', 'La Paz', 'Católica', '2024-09-01'),
(39, 'Camila Rivas', 'F', 24, 'Soltera', '2000-09-30', '99022345', 'Licenciatura', 'Cochabamba', 'Evangélica', '2024-09-01'),
(40, 'Sebastian Leon', 'M', 28, 'Casado', '1996-11-13', '99032345', 'Técnico Superior', 'Oruro', 'Protestante', '2024-09-01'),
(41, 'Angelica Silva', 'F', 35, 'Soltera', '1989-05-19', '99042345', 'Licenciatura', 'Tarija', 'Católica', '2024-09-01'),
(42, 'Diego Gonzalez', 'M', 27, 'Soltero', '1997-01-26', '99052345', 'Maestría', 'Potosí', 'Ninguna', '2024-09-01'),
(43, 'Gabriela Lopez', 'F', 30, 'Casada', '1994-08-11', '99062345', 'Doctorado', 'Chuquisaca', 'Cristiana', '2024-09-01'),
(44, 'Miguel Martinez', 'M', 44, 'Divorciado', '1980-12-25', '99072345', 'Licenciatura', 'Beni', 'Católica', '2024-09-01'),
(45, 'Elena Rosales', 'F', 26, 'Soltera', '1998-03-14', '99082345', 'Técnico Medio', 'Pando', 'Evangélica', '2024-09-01'),
(46, 'Hugo Mendez', 'M', 32, 'Casado', '1992-09-17', '99092345', 'Licenciatura', 'Santa Cruz', 'Protestante', '2024-09-01'),
(47, 'Karla Cervantes', 'F', 25, 'Soltera', '1999-05-04', '99102345', 'Técnico Superior', 'La Paz', 'Católica', '2024-09-01'),
(48, 'Renato Benitez', 'M', 39, 'Soltero', '1985-10-20', '99112345', 'Licenciatura', 'Cochabamba', 'Ninguna', '2024-09-01'),
(49, 'Liliana Cortes', 'F', 28, 'Casada', '1996-07-24', '99122345', 'Maestría', 'Oruro', 'Cristiana', '2024-09-01'),
(50, 'Eduardo Arias', 'M', 43, 'Soltero', '1981-11-02', '99132345', 'Doctorado', 'Tarija', 'Católica', '2024-09-01'),
(51, 'Paula Santos', 'F', 38, 'Divorciada', '1986-03-29', '99142345', 'Licenciatura', 'Potosí', 'Protestante', '2024-09-01'),
(52, 'Alejandro Romero', 'M', 36, 'Casado', '1988-06-22', '99152345', 'Bachiller', 'Chuquisaca', 'Evangélica', '2024-09-01'),
(53, 'Florencia Miranda', 'F', 27, 'Soltera', '1997-02-18', '99162345', 'Técnico Medio', 'Beni', 'Católica', '2024-09-01'),
(54, 'Victoria Guerrero', 'F', 29, 'Casada', '1995-12-05', '99172345', 'Licenciatura', 'Pando', 'Protestante', '2024-09-01'),
(55, 'Sergio Martin', 'M', 25, 'Soltero', '1999-08-09', '99182345', 'Maestría', 'Santa Cruz', 'Cristiana', '2024-09-01'),
(56, 'Julieta Castillo', 'F', 34, 'Casada', '1990-09-07', '99192345', 'Doctorado', 'La Paz', 'Católica', '2024-09-01'),
(57, 'Raul Ramirez', 'M', 31, 'Soltero', '1993-11-30', '99202345', 'Licenciatura', 'Cochabamba', 'Ninguna', '2024-09-01'),
(58, 'Laura Blanco', 'F', 27, 'Soltera', '1997-01-16', '99212345', 'Técnico Superior', 'Oruro', 'Católica', '2024-09-01'),
(59, 'Antonio Camacho', 'M', 32, 'Casado', '1992-06-03', '99222345', 'Licenciatura', 'Tarija', 'Evangélica', '2024-09-01'),
(60, 'Andres Torres', 'M', 28, 'Soltero', '1996-09-11', '99232345', 'Bachiller', 'Potosí', 'Cristiana', '2024-09-01');



INSERT INTO users_proyecto (nombre, descripcion, fecha_inicio, fecha_fin, estado) VALUES
('Proyecto Alpha', 'Descripción del Proyecto Alpha', '2024-01-15', '2024-06-30',1),
('Proyecto Beta', 'Descripción del Proyecto Beta', '2024-02-01', '2024-07-31',0),
('Proyecto Gamma', 'Descripción del Proyecto Gamma', '2024-03-01', '2024-08-31',1),
('Proyecto Delta', 'Descripción del Proyecto Delta', '2024-04-01', '2024-09-30',1),
('Proyecto Epsilon', 'Descripción del Proyecto Epsilon', '2024-05-01', '2024-10-31',0);

INSERT INTO users_usuarioproyecto (usuario_id, proyecto_id) VALUES
(1,1),
(2,2),
(3,4),
(4,5),
(5,1),
(6,1),
(7,2),
(8,2),
(9,3),
(10,3),
(11,3),
(12,2),
(13,2),
(14,1),
(15,5),
(16,1),
(17,5),
(18,1),
(19,2),
(20,4),
(21,4),
(22,5),
(23,2),
(24,5),
(25,2),
(26,2),
(27,2),
(28,1),
(29,2),
(30,3),
(31,3),
(32,3),
(33,4),
(34,4),
(35,4),
(36,4),
(37,2),
(38,1),
(39,1),
(40,1),
(41,2),
(42,3),
(43,3),
(44,3),
(45,2),
(46,1),
(47,2),
(48,4),
(49,4),
(50,4),
(51,1),
(52,2),
(53,2),
(54,5),
(55,5),
(56,5),
(57,5),
(58,5),
(59,5),
(60,5);




INSERT INTO habits_alimentacion (fecha, desayuno_hora, almuerzo_hora, cena_hora, desayuno, almuerzo, cena, desayuno_saludable, almuerzo_saludable , cena_saludable, usuario_id) VALUES
-- usuario 1
('2024-08-15', '08:00:00', '12:00:00', '19:00:00', 1, 1, 0, 1, 1, 1, 1),
('2024-08-16', '08:00:00', '12:00:00', '19:00:00', 0, 1, 1, 1, 1, 0, 1),
('2024-08-17', '08:00:00', '12:00:00', '19:00:00', 1, 1, 1, 1, 1, 0, 1),
('2024-08-18', '07:00:00', '12:00:00', '19:00:00', 1, 1, 0, 1, 1, 1, 1),
('2024-08-19', '08:00:00', '12:00:00', '19:00:00', 1, 1, 1, 1, 1, 1, 1),
('2024-08-20', '08:00:00', '12:00:00', '19:00:00', 1, 0, 1, 0, 1, 0, 1),
('2024-08-21', '07:00:00', '12:00:00', '19:00:00', 1, 1, 1, 1, 1, 0, 1),
('2024-08-22', '08:00:00', '12:00:00', '19:00:00', 1, 1, 1, 1, 0, 1, 1),
('2024-08-23', '08:00:00', '12:00:00', '19:00:00', 1, 1, 0, 0, 1, 0, 1),
('2024-08-24', '06:00:00', '12:00:00', '19:00:00', 1, 1, 1, 0, 1, 0, 1),
('2024-08-25', '08:00:00', '12:00:00', '19:00:00', 1, 0, 1, 1, 1, 0, 1),
('2024-08-26', '08:00:00', '12:00:00', '19:00:00', 1, 1, 1, 0, 1, 1, 1),
('2024-08-27', '07:00:00', '12:00:00', '19:00:00', 1, 0, 1, 1, 0, 0, 1),
('2024-08-28', '08:00:00', '12:00:00', '18:00:00', 1, 0, 1, 1, 1, 0, 1),
('2024-08-29', '08:00:00', '12:00:00', '19:00:00', 1, 1, 0, 1, 0, 0, 1),
('2024-08-30', '08:00:00', '12:00:00', '19:00:00', 1, 1, 1, 1, 1, 1, 1),
('2024-08-31', '09:00:00', '12:00:00', '19:00:00', 1, 0, 1, 1, 1, 0, 1),
('2024-09-01', '08:00:00', '12:00:00', '20:00:00', 1, 1, 1, 1, 1, 1, 1),
('2024-09-02', '08:00:00', '12:00:00', '19:00:00', 0, 1, 1, 0, 1, 0, 1),
('2024-09-03', '08:00:00', '13:00:00', '21:00:00', 0, 1, 0, 0, 1, 1, 1),
('2024-09-04', '09:00:00', '12:00:00', '19:00:00', 0, 1, 1, 1, 1, 0, 1),
('2024-09-05', '08:00:00', '12:00:00', '22:00:00', 1, 1, 1, 0, 1, 0, 1),
('2024-09-06', '08:00:00', '12:00:00', '19:00:00', 0, 1, 1, 1, 1, 0, 1),
('2024-09-07', '08:00:00', '14:00:00', '19:00:00', 1, 1, 1, 1, 0, 0, 1),
('2024-09-08', '10:00:00', '12:00:00', '19:00:00', 1, 1, 1, 1, 1, 0, 1),
('2024-09-09', '08:00:00', '12:00:00', '19:00:00', 1, 1, 1, 1, 0, 0, 1),
('2024-09-10', '08:00:00', '12:00:00', '19:00:00', 1, 1, 1, 1, 1, 1, 1),
('2024-09-11', '08:00:00', '15:00:00', '19:00:00', 0, 1, 1, 1, 0, 1, 1),
('2024-09-12', '08:00:00', '12:00:00', '19:00:00', 0, 1, 1, 1, 1, 0, 1),
('2024-09-13', '08:00:00', '12:00:00', '19:00:00', 1, 0, 1, 0, 1, 0, 1),
('2024-09-14', '08:00:00', '12:00:00', '19:00:00', 0, 1, 1, 0, 1, 0, 1),
('2024-09-15', '08:00:00', '14:00:00', '19:00:00', 0, 1, 1, 1, 1, 0, 1),
-- usuario 2
('2024-08-15', '08:00:00', '12:00:00', '19:00:00', 1, 1, 0, 1, 1, 1, 2),
('2024-08-16', '08:00:00', '12:00:00', '19:00:00', 0, 1, 1, 1, 1, 0, 2),
('2024-08-17', '08:00:00', '12:00:00', '19:00:00', 1, 1, 1, 1, 1, 0, 2),
('2024-08-18', '07:00:00', '12:00:00', '19:00:00', 1, 1, 0, 1, 1, 1, 2),
('2024-08-19', '08:00:00', '12:00:00', '19:00:00', 1, 1, 1, 1, 1, 1, 2),
('2024-08-20', '08:00:00', '12:00:00', '19:00:00', 1, 0, 1, 0, 1, 0, 2),
('2024-08-21', '07:00:00', '12:00:00', '19:00:00', 1, 1, 1, 1, 1, 0, 2),
('2024-08-22', '08:00:00', '12:00:00', '19:00:00', 1, 1, 1, 1, 0, 1, 2),
('2024-08-23', '08:00:00', '12:00:00', '19:00:00', 1, 1, 0, 0, 1, 0, 2),
('2024-08-24', '06:00:00', '12:00:00', '19:00:00', 1, 1, 1, 0, 1, 0, 2),
('2024-08-25', '08:00:00', '12:00:00', '19:00:00', 1, 0, 1, 1, 1, 0, 2),
('2024-08-26', '08:00:00', '12:00:00', '19:00:00', 1, 1, 1, 0, 1, 1, 2),
('2024-08-27', '07:00:00', '12:00:00', '19:00:00', 1, 0, 1, 1, 0, 0, 2),
('2024-08-28', '08:00:00', '12:00:00', '18:00:00', 1, 0, 1, 1, 1, 0, 2),
('2024-08-29', '08:00:00', '12:00:00', '19:00:00', 1, 1, 0, 1, 0, 0, 2),
('2024-08-30', '08:00:00', '12:00:00', '19:00:00', 1, 1, 1, 1, 1, 1, 2),
('2024-08-31', '09:00:00', '12:00:00', '19:00:00', 1, 0, 1, 1, 1, 0, 2),
('2024-09-01', '08:00:00', '12:00:00', '20:00:00', 1, 1, 1, 1, 1, 1, 2),
('2024-09-02', '08:00:00', '12:00:00', '19:00:00', 0, 1, 1, 0, 1, 0, 2),
('2024-09-03', '08:00:00', '13:00:00', '21:00:00', 0, 1, 0, 0, 1, 1, 2),
('2024-09-04', '09:00:00', '12:00:00', '19:00:00', 0, 1, 1, 1, 1, 0, 2),
('2024-09-05', '08:00:00', '12:00:00', '22:00:00', 1, 1, 1, 0, 1, 0, 2),
('2024-09-06', '08:00:00', '12:00:00', '19:00:00', 0, 1, 1, 1, 1, 0, 2),
('2024-09-07', '08:00:00', '14:00:00', '19:00:00', 1, 1, 1, 1, 0, 0, 2),
('2024-09-08', '10:00:00', '12:00:00', '19:00:00', 1, 1, 1, 1, 1, 0, 2),
('2024-09-09', '08:00:00', '12:00:00', '19:00:00', 1, 1, 1, 1, 0, 0, 2),
('2024-09-10', '08:00:00', '12:00:00', '19:00:00', 1, 1, 1, 1, 1, 1, 2),
('2024-09-11', '08:00:00', '15:00:00', '19:00:00', 0, 1, 1, 1, 0, 1, 2),
('2024-09-12', '08:00:00', '12:00:00', '19:00:00', 0, 1, 1, 1, 1, 0, 2),
('2024-09-13', '08:00:00', '12:00:00', '19:00:00', 1, 0, 1, 0, 1, 0, 2),
('2024-09-14', '08:00:00', '12:00:00', '19:00:00', 0, 1, 1, 0, 1, 0, 2),
('2024-09-15', '08:00:00', '14:00:00', '19:00:00', 0, 1, 1, 1, 1, 0, 2),
-- usuario 3

('2024-08-15', '08:00:00', '12:00:00', '19:00:00', 1, 1, 0, 1, 1, 1, 3),
('2024-08-16', '08:00:00', '12:00:00', '19:00:00', 0, 1, 1, 1, 1, 0, 3),
('2024-08-17', '08:00:00', '12:00:00', '19:00:00', 1, 1, 1, 1, 1, 0, 3),
('2024-08-18', '07:00:00', '12:00:00', '19:00:00', 1, 1, 0, 1, 1, 1, 3),
('2024-08-19', '08:00:00', '12:00:00', '19:00:00', 1, 1, 1, 1, 1, 1, 3),
('2024-08-20', '08:00:00', '12:00:00', '19:00:00', 1, 0, 1, 0, 1, 0, 3),
('2024-08-21', '07:00:00', '12:00:00', '19:00:00', 1, 1, 1, 1, 1, 0, 3),
('2024-08-22', '08:00:00', '12:00:00', '19:00:00', 1, 1, 1, 1, 0, 1, 3),
('2024-08-23', '08:00:00', '12:00:00', '19:00:00', 1, 1, 0, 0, 1, 0, 3),
('2024-08-24', '06:00:00', '12:00:00', '19:00:00', 1, 1, 1, 0, 1, 0, 3),
('2024-08-25', '08:00:00', '12:00:00', '19:00:00', 1, 0, 1, 1, 1, 0, 3),
('2024-08-26', '08:00:00', '12:00:00', '19:00:00', 1, 1, 1, 0, 1, 1, 3),
('2024-08-27', '07:00:00', '12:00:00', '19:00:00', 1, 0, 1, 1, 0, 0, 3),
('2024-08-28', '08:00:00', '12:00:00', '18:00:00', 1, 0, 1, 1, 1, 0, 3),
('2024-08-29', '08:00:00', '12:00:00', '19:00:00', 1, 1, 0, 1, 0, 0, 3),
('2024-08-30', '08:00:00', '12:00:00', '19:00:00', 1, 1, 1, 1, 1, 1, 3),
('2024-08-31', '09:00:00', '12:00:00', '19:00:00', 1, 0, 1, 1, 1, 0, 3),
('2024-09-01', '08:00:00', '12:00:00', '20:00:00', 1, 1, 1, 1, 1, 1, 3),
('2024-09-02', '08:00:00', '12:00:00', '19:00:00', 0, 1, 1, 0, 1, 0, 3),
('2024-09-03', '08:00:00', '13:00:00', '21:00:00', 0, 1, 0, 0, 1, 1, 3),
('2024-09-04', '09:00:00', '12:00:00', '19:00:00', 0, 1, 1, 1, 1, 0, 3),
('2024-09-05', '08:00:00', '12:00:00', '22:00:00', 1, 1, 1, 0, 1, 0, 3),
('2024-09-06', '08:00:00', '12:00:00', '19:00:00', 0, 1, 1, 1, 1, 0, 3),
('2024-09-07', '08:00:00', '14:00:00', '19:00:00', 1, 1, 1, 1, 0, 0, 3),
('2024-09-08', '10:00:00', '12:00:00', '19:00:00', 1, 1, 1, 1, 1, 0, 3),
('2024-09-09', '08:00:00', '12:00:00', '19:00:00', 1, 1, 1, 1, 0, 0, 3),
('2024-09-10', '08:00:00', '12:00:00', '19:00:00', 1, 1, 1, 1, 1, 1, 3),
('2024-09-11', '08:00:00', '15:00:00', '19:00:00', 0, 1, 1, 1, 0, 1, 3),
('2024-09-12', '08:00:00', '12:00:00', '19:00:00', 0, 1, 1, 1, 1, 0, 3),
('2024-09-13', '08:00:00', '12:00:00', '19:00:00', 1, 0, 1, 0, 1, 0, 3),
('2024-09-14', '08:00:00', '12:00:00', '19:00:00', 0, 1, 1, 0, 1, 0, 3),
('2024-09-15', '08:00:00', '14:00:00', '19:00:00', 0, 1, 1, 1, 1, 0, 3),

-- usuario 4

('2024-08-15', '08:00:00', '12:00:00', '19:00:00', 1, 1, 1, 1, 1, 1, 4),
('2024-08-16', '08:00:00', '12:00:00', '19:00:00', 0, 1, 0, 1, 1, 0, 4),
('2024-08-17', '08:00:00', '12:00:00', '19:00:00', 1, 1, 0, 1, 1, 0, 4),
('2024-08-18', '07:00:00', '12:00:00', '19:00:00', 1, 1, 1, 1, 1, 1, 4),
('2024-08-19', '08:00:00', '12:00:00', '19:00:00', 1, 1, 1, 1, 1, 1, 4),
('2024-08-20', '08:00:00', '12:00:00', '19:00:00', 0, 0, 1, 0, 1, 0, 4),
('2024-08-21', '07:00:00', '12:00:00', '19:00:00', 1, 1, 0, 1, 1, 0, 4),
('2024-08-22', '08:00:00', '12:00:00', '19:00:00', 1, 0, 1, 1, 0, 1, 4),
('2024-08-23', '08:00:00', '12:00:00', '19:00:00', 0, 1, 0, 0, 1, 0, 4),
('2024-08-24', '06:00:00', '12:00:00', '19:00:00', 1, 1, 0, 0, 1, 0, 4),
('2024-08-25', '08:00:00', '12:00:00', '19:00:00', 1, 0, 0, 1, 1, 0, 4),
('2024-08-26', '08:00:00', '12:00:00', '19:00:00', 0, 1, 1, 0, 1, 1, 4),
('2024-08-27', '07:00:00', '12:00:00', '19:00:00', 1, 0, 0, 1, 0, 0, 4),
('2024-08-28', '08:00:00', '12:00:00', '18:00:00', 1, 0, 0, 1, 1, 0, 4),
('2024-08-29', '08:00:00', '12:00:00', '19:00:00', 1, 1, 0, 1, 0, 0, 4),
('2024-08-30', '08:00:00', '12:00:00', '19:00:00', 1, 1, 1, 1, 1, 1, 4),
('2024-08-31', '09:00:00', '12:00:00', '19:00:00', 1, 0, 0, 1, 1, 0, 4),
('2024-09-01', '08:00:00', '12:00:00', '20:00:00', 1, 1, 1, 1, 1, 1, 4),
('2024-09-02', '08:00:00', '12:00:00', '19:00:00', 0, 1, 0, 0, 1, 0, 4),
('2024-09-03', '08:00:00', '13:00:00', '21:00:00', 0, 1, 0, 0, 1, 1, 4),
('2024-09-04', '09:00:00', '12:00:00', '19:00:00', 0, 1, 0, 1, 1, 0, 4),
('2024-09-05', '08:00:00', '12:00:00', '22:00:00', 1, 1, 0, 0, 1, 0, 4),
('2024-09-06', '08:00:00', '12:00:00', '19:00:00', 0, 1, 0, 1, 1, 0, 4),
('2024-09-07', '08:00:00', '14:00:00', '19:00:00', 1, 0, 0, 1, 0, 0, 4),
('2024-09-08', '10:00:00', '12:00:00', '19:00:00', 1, 1, 0, 1, 1, 0, 4),
('2024-09-09', '08:00:00', '12:00:00', '19:00:00', 1, 1, 0, 1, 0, 0, 4),
('2024-09-10', '08:00:00', '12:00:00', '19:00:00', 1, 1, 1, 1, 1, 1, 4),
('2024-09-11', '08:00:00', '15:00:00', '19:00:00', 0, 1, 1, 1, 0, 1, 4),
('2024-09-12', '08:00:00', '12:00:00', '19:00:00', 0, 1, 0, 1, 1, 0, 4),
('2024-09-13', '08:00:00', '12:00:00', '19:00:00', 1, 0, 0, 0, 1, 0, 4),
('2024-09-14', '08:00:00', '12:00:00', '19:00:00', 0, 1, 0, 0, 1, 0, 4),
('2024-09-15', '08:00:00', '14:00:00', '19:00:00', 0, 1, 0, 1, 1, 0, 4);



INSERT INTO habits_agua (fecha, hora, cantidad, usuario_id) VALUES
-- Usuario 1
('2024-08-15', '07:00:00', 500, 1),
('2024-08-16', '08:00:00', 1500, 1),
('2024-08-17', '09:00:00', 2500, 1),
('2024-08-18', '10:00:00', 1000, 1),
('2024-08-19', '11:00:00', 2000, 1),
('2024-08-20', '12:00:00', 2500, 1),
('2024-08-21', '11:00:00', 2500, 1),
('2024-08-22', '07:00:00', 3500, 1),
('2024-08-23', '06:00:00', 1000, 1),
('2024-08-24', '16:00:00', 500, 1),
('2024-08-25', '17:00:00', 700, 1),
('2024-08-26', '18:00:00', 1500, 1),
('2024-08-27', '20:00:00', 1000, 1),
('2024-08-28', '17:00:00', 1500, 1),
('2024-08-29', '07:00:00', 2000, 1),
('2024-08-30', '07:00:00', 1500, 1),
('2024-08-31', '07:00:00', 2000, 1),
('2024-09-01', '08:00:00', 2000, 1),
('2024-09-02', '07:00:00', 200, 1),
('2024-09-03', '07:00:00', 500, 1),
('2024-09-04', '08:00:00', 200, 1),
('2024-09-05', '08:00:00', 1000, 1),
('2024-09-06', '08:00:00', 1500, 1),
('2024-09-07', '07:00:00', 2500, 1),
('2024-09-08', '09:00:00', 2500, 1),
('2024-09-09', '09:00:00', 2500, 1),
('2024-09-10', '09:00:00', 1500, 1),
('2024-09-11', '09:00:00', 1500, 1),
('2024-09-12', '10:00:00', 2500, 1),
('2024-09-13', '12:00:00', 2500, 1),
('2024-09-14', '12:00:00', 2500, 1),
('2024-09-15', '12:00:00', 2500, 1),
-- Usuario 2
('2024-08-15', '07:00:00', 1500,  2),
('2024-08-16', '08:00:00', 1500, 2),
('2024-08-17', '09:00:00', 2500, 2),
('2024-08-18', '10:00:00', 1000, 2),
('2024-08-19', '11:00:00', 2000, 2),
('2024-08-20', '12:00:00', 2500, 2),
('2024-08-21', '11:00:00', 2500, 2),
('2024-08-22', '07:00:00', 2500, 2),
('2024-08-23', '06:00:00', 1000, 2),
('2024-08-24', '16:00:00', 500,  2),
('2024-08-25', '17:00:00', 1000,  2),
('2024-08-26', '18:00:00', 1500, 2),
('2024-08-27', '20:00:00', 1000, 2),
('2024-08-28', '17:00:00', 1500, 2),
('2024-08-29', '07:00:00', 2000, 2),
('2024-08-30', '07:00:00', 1500, 2),
('2024-08-31', '07:00:00', 1000, 2),
('2024-09-01', '08:00:00', 1000, 2),
('2024-09-02', '07:00:00', 200,  2),
('2024-09-03', '07:00:00', 500,  2),
('2024-09-04', '08:00:00', 200,  2),
('2024-09-05', '08:00:00', 1000, 2),
('2024-09-06', '08:00:00', 500, 2),
('2024-09-07', '07:00:00', 1000, 2),
('2024-09-08', '09:00:00', 1000, 2),
('2024-09-09', '09:00:00', 1000, 2),
('2024-09-10', '09:00:00', 1500, 2),
('2024-09-11', '09:00:00', 500, 2),
('2024-09-12', '10:00:00', 2500, 2),
('2024-09-13', '12:00:00', 500, 2),
('2024-09-14', '12:00:00', 2500, 2),
('2024-09-15', '12:00:00', 2500, 2),
-- Usuario 3
('2024-08-15', '07:00:00', 500,  3),
('2024-08-16', '08:00:00', 500, 3),
('2024-08-17', '09:00:00', 500, 3),
('2024-08-18', '10:00:00', 1000, 3),
('2024-08-19', '11:00:00', 2000, 3),
('2024-08-20', '12:00:00', 2500, 3),
('2024-08-21', '11:00:00', 2500, 3),
('2024-08-22', '07:00:00', 500, 3),
('2024-08-23', '06:00:00', 1000, 3),
('2024-08-24', '16:00:00', 500,  3),
('2024-08-25', '17:00:00', 700,  3),
('2024-08-26', '18:00:00', 1500, 3),
('2024-08-27', '20:00:00', 1000, 3),
('2024-08-28', '17:00:00', 1500, 3),
('2024-08-29', '07:00:00', 500, 3),
('2024-08-30', '07:00:00', 1500, 3),
('2024-08-31', '07:00:00', 500, 3),
('2024-09-01', '08:00:00', 2000, 3),
('2024-09-02', '07:00:00', 200,  3),
('2024-09-03', '07:00:00', 2500,  3),
('2024-09-04', '08:00:00', 300,  3),
('2024-09-05', '08:00:00', 1000, 3),
('2024-09-06', '08:00:00', 1500, 3),
('2024-09-07', '07:00:00', 2500, 3),
('2024-09-08', '09:00:00', 2500, 3),
('2024-09-09', '09:00:00', 1500, 3),
('2024-09-10', '09:00:00', 1500, 3),
('2024-09-11', '09:00:00', 1500, 3),
('2024-09-12', '10:00:00', 2500, 3),
('2024-09-13', '12:00:00', 500, 3),
('2024-09-14', '12:00:00', 2500, 3),
('2024-09-15', '12:00:00', 2500, 3),
-- Usuario 4
('2024-08-15', '07:00:00', 1500,  4),
('2024-08-16', '08:00:00', 1500, 4),
('2024-08-17', '09:00:00', 2500, 4),
('2024-08-18', '10:00:00', 2000, 4),
('2024-08-19', '11:00:00', 2000, 4),
('2024-08-20', '12:00:00', 2500, 4),
('2024-08-21', '11:00:00', 2500, 4),
('2024-08-22', '07:00:00', 500, 4),
('2024-08-23', '06:00:00', 2000, 4),
('2024-08-24', '16:00:00', 2500,  4),
('2024-08-25', '17:00:00', 1700,  4),
('2024-08-26', '18:00:00', 2500, 4),
('2024-08-27', '20:00:00', 1000, 4),
('2024-08-28', '17:00:00', 1500, 4),
('2024-08-29', '07:00:00', 2000, 4),
('2024-08-30', '07:00:00', 1500, 4),
('2024-08-31', '07:00:00', 2000, 4),
('2024-09-01', '08:00:00', 2000, 4),
('2024-09-02', '07:00:00', 200,  4),
('2024-09-03', '07:00:00', 2500,  4),
('2024-09-04', '08:00:00', 2000,  4),
('2024-09-05', '08:00:00', 1000, 4),
('2024-09-06', '08:00:00', 1500, 4),
('2024-09-07', '07:00:00', 2500, 4),
('2024-09-08', '09:00:00', 2500, 4),
('2024-09-09', '09:00:00', 2500, 4),
('2024-09-10', '09:00:00', 1500, 4),
('2024-09-11', '09:00:00', 1500, 4),
('2024-09-12', '10:00:00', 2500, 4),
('2024-09-13', '12:00:00', 2500, 4),
('2024-09-14', '12:00:00', 2500, 4),
('2024-09-15', '12:00:00', 2500, 4);





INSERT INTO habits_esperanza (fecha, tipo_practica, usuario_id) VALUES
-- usuario 1
('2024-08-15', 'oracion', 1),
('2024-08-16', 'oracion', 1),
('2024-08-17', 'biblia', 1),
('2024-08-18', 'oracion', 1),
('2024-08-19', 'biblia', 1),
('2024-08-20', 'oracion', 1),
('2024-08-21', 'oracion', 1),
('2024-08-22', 'biblia', 1),
('2024-08-23', 'oracion', 1),
('2024-08-24', 'biblia', 1),
('2024-08-25', 'biblia', 1),
('2024-08-26', 'oracion', 1),
('2024-08-27', 'oracion', 1),
('2024-08-28', 'oracion', 1),
('2024-08-29', 'biblia', 1),
('2024-08-30', 'biblia', 1),
('2024-08-31', 'biblia', 1),
('2024-09-01', 'oracion', 1),
('2024-09-02', 'oracion', 1),
('2024-09-03', 'oracion', 1),
('2024-09-04', 'oracion', 1),
('2024-09-05', 'oracion', 1),
('2024-09-06', 'oracion', 1),
('2024-09-07', 'oracion', 1),
('2024-09-08', 'biblia', 1),
('2024-09-09', 'oracion', 1),
('2024-09-10', 'oracion', 1),
('2024-09-11', 'biblia', 1),
('2024-09-12', 'oracion', 1),
('2024-09-13', 'biblia', 1),
('2024-09-14', 'oracion', 1),
('2024-09-15', 'oracion', 1),


-- usuario 2
('2024-08-15', 'oracion', 2),
('2024-08-16', 'biblia', 2),
('2024-08-17', 'biblia', 2),
('2024-08-18', 'biblia', 2),
('2024-08-19', 'biblia', 2),
('2024-08-20', 'oracion', 2),
('2024-08-21', 'oracion', 2),
('2024-08-22', 'biblia', 2),
('2024-08-23', 'oracion', 2),
('2024-08-24', 'oracion', 2),
('2024-08-25', 'biblia', 2),
('2024-08-26', 'oracion', 2),
('2024-08-27', 'oracion', 2),
('2024-08-28', 'oracion', 2),
('2024-08-29', 'oracion', 2),
('2024-08-30', 'biblia', 2),
('2024-08-31', 'oracion', 2),
('2024-09-01', 'oracion', 2),
('2024-09-02', 'oracion', 2),
('2024-09-03', 'oracion', 2),
('2024-09-04', 'biblia', 2),
('2024-09-05', 'oracion', 2),
('2024-09-06', 'oracion', 2),
('2024-09-07', 'oracion', 2),
('2024-09-08', 'biblia', 2),
('2024-09-09', 'oracion', 2),
('2024-09-10', 'oracion', 2),
('2024-09-11', 'biblia', 2),
('2024-09-12', 'biblia', 2),
('2024-09-13', 'oracion', 2),
('2024-09-14', 'oracion', 2),
('2024-09-15', 'oracion', 2),

-- usuario 3
('2024-08-15', 'biblia', 3),
('2024-08-16', 'biblia', 3),
('2024-08-17', 'oracion', 3),
('2024-08-18', 'oracion', 3),
('2024-08-19', 'oracion', 3),
('2024-08-20', 'biblia', 3),
('2024-08-21', 'oracion', 3),
('2024-08-22', 'oracion', 3),
('2024-08-23', 'biblia', 3),
('2024-08-24', 'oracion', 3),
('2024-08-25', 'oracion', 3),
('2024-08-26', 'biblia', 3),
('2024-08-27', 'biblia', 3),
('2024-08-28', 'oracion', 3),
('2024-08-29', 'oracion', 3),
('2024-08-30', 'oracion', 3),
('2024-08-31', 'oracion', 3),
('2024-09-01', 'biblia', 3),
('2024-09-02', 'biblia', 3),
('2024-09-03', 'oracion', 3),
('2024-09-04', 'oracion', 3),
('2024-09-05', 'biblia', 3),
('2024-09-06', 'oracion', 3),
('2024-09-07', 'oracion', 3),
('2024-09-08', 'biblia', 3),
('2024-09-09', 'oracion', 3),
('2024-09-10', 'biblia', 3),
('2024-09-11', 'oracion', 3),
('2024-09-12', 'oracion', 3),
('2024-09-13', 'biblia', 3),
('2024-09-14', 'oracion', 3),
('2024-09-15', 'oracion', 3),
-- usuario 4
('2024-08-15', 'oracion', 4),
('2024-08-16', 'biblia', 4),
('2024-08-17', 'biblia', 4),
('2024-08-18', 'oracion', 4),
('2024-08-19', 'oracion', 4),
('2024-08-20', 'biblia', 4),
('2024-08-21', 'biblia', 4),
('2024-08-22', 'oracion', 4),
('2024-08-23', 'oracion', 4),
('2024-08-24', 'oracion', 4),
('2024-08-25', 'biblia', 4),
('2024-08-26', 'biblia', 4),
('2024-08-27', 'oracion', 4),
('2024-08-28', 'oracion', 4),
('2024-08-29', 'biblia', 4),
('2024-08-30', 'oracion', 4),
('2024-08-31', 'biblia', 4),
('2024-09-01', 'oracion', 4),
('2024-09-02', 'oracion', 4),
('2024-09-03', 'oracion', 4),
('2024-09-04', 'biblia', 4),
('2024-09-05', 'oracion', 4),
('2024-09-06', 'biblia', 4),
('2024-09-07', 'oracion', 4),
('2024-09-08', 'oracion', 4),
('2024-09-09', 'biblia', 4),
('2024-09-10', 'oracion', 4),
('2024-09-11', 'biblia', 4),
('2024-09-12', 'oracion', 4),
('2024-09-13', 'oracion', 4),
('2024-09-14', 'oracion', 4),
('2024-09-15', 'oracion', 4);


INSERT INTO habits_sol (fecha, tiempo, usuario_id) VALUES
-- usuario 1
('2024-08-15', 30, 1),
('2024-08-16', 50, 1),
('2024-08-17', 60, 1),
('2024-08-18', 70, 1),
('2024-08-19', 40, 1),
('2024-08-20', 35, 1),
('2024-08-21', 30, 1),
('2024-08-22', 40, 1),
('2024-08-23', 30, 1),
('2024-08-24', 30, 1),
('2024-08-25', 60, 1),
('2024-08-26', 60, 1),
('2024-08-27', 80, 1),
('2024-08-28', 60, 1),
('2024-08-29', 60, 1),
('2024-08-30', 30, 1),
('2024-08-31', 50, 1),
('2024-09-01', 50, 1),
('2024-09-02', 30, 1),
('2024-09-03', 30, 1),
('2024-09-04', 40, 1),
('2024-09-05', 70, 1),
('2024-09-06', 40, 1),
('2024-09-07', 30, 1),
('2024-09-08', 40, 1),
('2024-09-09', 50, 1),
('2024-09-10', 60, 1),
('2024-09-11', 70, 1),
('2024-09-12', 70, 1),
('2024-09-13', 40, 1),
('2024-09-14', 45, 1),
('2024-09-15', 45, 1),

-- usuario 2
('2024-08-15', 60, 2),
('2024-08-16', 50, 2),
('2024-08-17', 60, 2),
('2024-08-18', 30, 2),
('2024-08-19', 40, 2),
('2024-08-20', 35, 2),
('2024-08-21', 30, 2),
('2024-08-22', 60, 2),
('2024-08-23', 60, 2),
('2024-08-24', 60, 2),
('2024-08-25', 80, 2),
('2024-08-26', 30, 2),
('2024-08-27', 40, 2),
('2024-08-28', 80, 2),
('2024-08-29', 70, 2),
('2024-08-30', 30, 2),
('2024-08-31', 30, 2),
('2024-09-01', 30, 2),
('2024-09-02', 30, 2),
('2024-09-03', 30, 2),
('2024-09-04', 40, 2),
('2024-09-05', 30, 2),
('2024-09-06', 40, 2),
('2024-09-07', 40, 2),
('2024-09-08', 50, 2),
('2024-09-09', 50, 2),
('2024-09-10', 40, 2),
('2024-09-11', 40, 2),
('2024-09-12', 30, 2),
('2024-09-13', 40, 2),
('2024-09-14', 45, 2),
('2024-09-15', 45, 2),

-- usuario 3
('2024-08-15', 50, 3),
('2024-08-16', 50, 3),
('2024-08-17', 60, 3),
('2024-08-18', 70, 3),
('2024-08-19', 40, 3),
('2024-08-20', 35, 3),
('2024-08-21', 40, 3),
('2024-08-22', 40, 3),
('2024-08-23', 30, 3),
('2024-08-24', 60, 3),
('2024-08-25', 70, 3),
('2024-08-26', 60, 3),
('2024-08-27', 80, 3),
('2024-08-28', 60, 3),
('2024-08-29', 60, 3),
('2024-08-30', 30, 3),
('2024-08-31', 40, 3),
('2024-09-01', 40, 3),
('2024-09-02', 40, 3),
('2024-09-03', 40, 3),
('2024-09-04', 40, 3),
('2024-09-05', 80, 3),
('2024-09-06', 60, 3),
('2024-09-07', 50, 3),
('2024-09-08', 50, 3),
('2024-09-09', 50, 3),
('2024-09-10', 60, 3),
('2024-09-11', 80, 3),
('2024-09-12', 70, 3),
('2024-09-13', 70, 3),
('2024-09-14', 65, 3),
('2024-09-15', 65, 3),

-- usuario 4
('2024-08-15', 60, 4),
('2024-08-16', 60, 4),
('2024-08-17', 30, 4),
('2024-08-18', 30, 4),
('2024-08-19', 40, 4),
('2024-08-20', 35, 4),
('2024-08-21', 30, 4),
('2024-08-22', 40, 4),
('2024-08-23', 30, 4),
('2024-08-24', 30, 4),
('2024-08-25', 30, 4),
('2024-08-26', 60, 4),
('2024-08-27', 60, 4),
('2024-08-28', 60, 4),
('2024-08-29', 50, 4),
('2024-08-30', 30, 4),
('2024-08-31', 40, 4),
('2024-09-01', 50, 4),
('2024-09-02', 30, 4),
('2024-09-03', 30, 4),
('2024-09-04', 40, 4),
('2024-09-05', 60, 4),
('2024-09-06', 40, 4),
('2024-09-07', 80, 4),
('2024-09-08', 90, 4),
('2024-09-09', 40, 4),
('2024-09-10', 50, 4),
('2024-09-11', 70, 4),
('2024-09-12', 60, 4),
('2024-09-13', 40, 4),
('2024-09-14', 55, 4),
('2024-09-15', 55, 4);


INSERT INTO habits_aire (fecha, tiempo, usuario_id) VALUES
--usuario 1
('2024-08-15', 45, 1),
('2024-08-16', 15, 1),
('2024-08-17', 25, 1),
('2024-08-18', 35, 1),
('2024-08-19', 25, 1),
('2024-08-20', 35, 1),
('2024-08-21', 15, 1),
('2024-08-22', 25, 1),
('2024-08-23', 35, 1),
('2024-08-24', 45, 1),
('2024-08-25', 45, 1),
('2024-08-26', 25, 1),
('2024-08-27', 15, 1),
('2024-08-28', 15, 1),
('2024-08-29', 25, 1),
('2024-08-30', 55, 1),
('2024-08-31', 45, 1),
('2024-09-01', 35, 1),
('2024-09-02', 35, 1),
('2024-09-03', 45, 1),
('2024-09-04', 55, 1),
('2024-09-05', 65, 1),
('2024-09-06', 45, 1),
('2024-09-07', 45, 1),
('2024-09-08', 25, 1),
('2024-09-09', 35, 1),
('2024-09-10', 35, 1),
('2024-09-11', 15, 1),
('2024-09-12', 15, 1),
('2024-09-13', 15, 1),
('2024-09-14', 15, 1),
('2024-09-15', 15, 1),

--usuario 2
('2024-08-15', 15, 2),
('2024-08-16', 35, 2),
('2024-08-17', 45, 2),
('2024-08-18', 55, 2),
('2024-08-19', 45, 2),
('2024-08-20', 55, 2),
('2024-08-21', 15, 2),
('2024-08-22', 25, 2),
('2024-08-23', 35, 2),
('2024-08-24', 55, 2),
('2024-08-25', 45, 2),
('2024-08-26', 45, 2),
('2024-08-27', 65, 2),
('2024-08-28', 65, 2),
('2024-08-29', 45, 2),
('2024-08-30', 35, 2),
('2024-08-31', 25, 2),
('2024-09-01', 45, 2),
('2024-09-02', 20, 2),
('2024-09-03', 05, 2),
('2024-09-04', 45, 2),
('2024-09-05', 40, 2),
('2024-09-06', 40, 2),
('2024-09-07', 45, 2),
('2024-09-08', 45, 2),
('2024-09-09', 60, 2),
('2024-09-10', 45, 2),
('2024-09-11', 30, 2),
('2024-09-12', 30, 2),
('2024-09-13', 30, 2),
('2024-09-14', 15, 2),
('2024-09-15', 15, 2),


--usuario 3
('2024-08-15', 15, 3),
('2024-08-16', 15, 3),
('2024-08-17', 15, 3),
('2024-08-18', 45, 3),
('2024-08-19', 45, 3),
('2024-08-20', 45, 3),
('2024-08-21', 45, 3),
('2024-08-22', 40, 3),
('2024-08-23', 40, 3),
('2024-08-24', 40, 3),
('2024-08-25', 45, 3),
('2024-08-26', 60, 3),
('2024-08-27', 60, 3),
('2024-08-28', 60, 3),
('2024-08-29', 10, 3),
('2024-08-30', 10, 3),
('2024-08-31', 10, 3),
('2024-09-01', 45, 3),
('2024-09-02', 30, 3),
('2024-09-03', 30, 3),
('2024-09-04', 30, 3),
('2024-09-05', 45, 3),
('2024-09-06', 15, 3),
('2024-09-07', 15, 3),
('2024-09-08', 15, 3),
('2024-09-09', 45, 3),
('2024-09-10', 20, 3),
('2024-09-11', 45, 3),
('2024-09-12', 30, 3),
('2024-09-13', 45, 3),
('2024-09-14', 15, 3),
('2024-09-15', 15, 3),


--usuario 4
('2024-08-15', 60, 4),
('2024-08-16', 60, 4),
('2024-08-17', 50, 4),
('2024-08-18', 40, 4),
('2024-08-19', 30, 4),
('2024-08-20', 30, 4),
('2024-08-21', 30, 4),
('2024-08-22', 45, 4),
('2024-08-23', 15, 4),
('2024-08-24', 15, 4),
('2024-08-25', 15, 4),
('2024-08-26', 45, 4),
('2024-08-27', 45, 4),
('2024-08-28', 60, 4),
('2024-08-29', 60, 4),
('2024-08-30', 45, 4),
('2024-08-31', 45, 4),
('2024-09-01', 30, 4),
('2024-09-02', 30, 4),
('2024-09-03', 45, 4),
('2024-09-04', 45, 4),
('2024-09-05', 30, 4),
('2024-09-06', 30, 4),
('2024-09-07', 45, 4),
('2024-09-08', 45, 4),
('2024-09-09', 45, 4),
('2024-09-10', 60, 4),
('2024-09-11', 60, 4),
('2024-09-12', 15, 4),
('2024-09-13', 15, 4),
('2024-09-14', 15, 4),
('2024-09-15', 15, 4);


-- Insertar datos en la tabla despertar
INSERT INTO habits_dormir (fecha, hora, usuario_id) VALUES
-- usuario 1
('2024-08-15', '22:00:00', 1), 
('2024-08-16', '23:30:00', 1), 
('2024-08-17', '23:45:00', 1), 
('2024-08-18', '22:00:00', 1), 
('2024-08-19', '22:30:00', 1), 
('2024-08-20', '23:00:00', 1), 
('2024-08-21', '23:00:00', 1), 
('2024-08-22', '23:00:00', 1), 
('2024-08-23', '22:00:00', 1), 
('2024-08-24', '23:30:00', 1), 
('2024-08-25', '23:30:00', 1), 
('2024-08-26', '23:30:00', 1), 
('2024-08-27', '22:00:00', 1), 
('2024-08-28', '23:00:00', 1), 
('2024-08-29', '22:00:00', 1), 
('2024-08-30', '23:30:00', 1), 
('2024-08-31', '22:00:00', 1), 
('2024-09-01', '23:30:00', 1), 
('2024-09-02', '22:30:00', 1), 
('2024-09-03', '22:00:00', 1), 
('2024-09-04', '23:45:00', 1), 
('2024-09-05', '22:00:00', 1), 
('2024-09-06', '22:00:00', 1), 
('2024-09-07', '22:00:00', 1), 
('2024-09-08', '23:30:00', 1), 
('2024-09-09', '22:00:00', 1), 
('2024-09-10', '23:30:00', 1), 
('2024-09-11', '22:00:00', 1), 
('2024-09-12', '22:30:00', 1), 
('2024-09-13', '22:30:00', 1), 
('2024-09-14', '23:30:00', 1), 
('2024-09-15', '23:45:00', 1), 

-- Inserciones para user_id 2
('2024-08-15', '21:45:00', 2), 
('2024-08-16', '23:15:00', 2), 
('2024-08-17', '23:00:00', 2), 
('2024-08-18', '22:30:00', 2), 
('2024-08-19', '23:00:00', 2), 
('2024-08-20', '23:45:00', 2), 
('2024-08-21', '22:45:00', 2), 
('2024-08-22', '23:15:00', 2), 
('2024-08-23', '21:30:00', 2), 
('2024-08-24', '23:15:00', 2), 
('2024-08-25', '22:45:00', 2), 
('2024-08-26', '23:45:00', 2), 
('2024-08-27', '22:30:00', 2), 
('2024-08-28', '23:45:00', 2), 
('2024-08-29', '21:45:00', 2), 
('2024-08-30', '23:45:00', 2), 
('2024-08-31', '21:45:00', 2), 
('2024-09-01', '23:00:00', 2), 
('2024-09-02', '22:00:00', 2), 
('2024-09-03', '22:30:00', 2), 
('2024-09-04', '23:15:00', 2), 
('2024-09-05', '21:30:00', 2), 
('2024-09-06', '21:45:00', 2), 
('2024-09-07', '22:45:00', 2), 
('2024-09-08', '23:15:00', 2), 
('2024-09-09', '21:45:00', 2), 
('2024-09-10', '23:45:00', 2), 
('2024-09-11', '22:15:00', 2), 
('2024-09-12', '22:00:00', 2), 
('2024-09-13', '22:00:00', 2), 
('2024-09-14', '23:15:00', 2), 
('2024-09-15', '23:00:00', 2),

-- Inserciones para user_id 3
('2024-08-15', '22:30:00', 3), 
('2024-08-16', '22:00:00', 3), 
('2024-08-17', '22:45:00', 3), 
('2024-08-18', '23:00:00', 3), 
('2024-08-19', '23:30:00', 3), 
('2024-08-20', '22:00:00', 3), 
('2024-08-21', '22:15:00', 3), 
('2024-08-22', '23:45:00', 3), 
('2024-08-23', '23:00:00', 3), 
('2024-08-24', '22:15:00', 3), 
('2024-08-25', '21:30:00', 3), 
('2024-08-26', '22:45:00', 3), 
('2024-08-27', '22:15:00', 3), 
('2024-08-28', '23:30:00', 3), 
('2024-08-29', '22:45:00', 3), 
('2024-08-30', '22:00:00', 3), 
('2024-08-31', '23:00:00', 3), 
('2024-09-01', '22:15:00', 3), 
('2024-09-02', '23:45:00', 3), 
('2024-09-03', '21:45:00', 3), 
('2024-09-04', '22:00:00', 3), 
('2024-09-05', '22:30:00', 3), 
('2024-09-06', '22:45:00', 3), 
('2024-09-07', '23:15:00', 3), 
('2024-09-08', '22:15:00', 3), 
('2024-09-09', '23:00:00', 3), 
('2024-09-10', '22:45:00', 3), 
('2024-09-11', '22:30:00', 3), 
('2024-09-12', '21:45:00', 3), 
('2024-09-13', '21:45:00', 3), 
('2024-09-14', '23:00:00', 3), 
('2024-09-15', '21:45:00', 3),

-- Inserciones para user_id 4
('2024-08-15', '21:30:00', 4), 
('2024-08-16', '23:45:00', 4), 
('2024-08-17', '22:30:00', 4), 
('2024-08-18', '23:15:00', 4), 
('2024-08-19', '22:00:00', 4), 
('2024-08-20', '22:15:00', 4), 
('2024-08-21', '23:30:00', 4), 
('2024-08-22', '21:30:00', 4), 
('2024-08-23', '23:15:00', 4), 
('2024-08-24', '22:45:00', 4), 
('2024-08-25', '23:00:00', 4), 
('2024-08-26', '21:45:00', 4), 
('2024-08-27', '23:15:00', 4), 
('2024-08-28', '22:45:00', 4), 
('2024-08-29', '23:45:00', 4), 
('2024-08-30', '22:30:00', 4), 
('2024-08-31', '22:15:00', 4), 
('2024-09-01', '21:45:00', 4), 
('2024-09-02', '23:15:00', 4), 
('2024-09-03', '23:00:00', 4), 
('2024-09-04', '22:30:00', 4), 
('2024-09-05', '22:15:00', 4), 
('2024-09-06', '23:30:00', 4), 
('2024-09-07', '21:30:00', 4), 
('2024-09-08', '23:15:00', 4), 
('2024-09-09', '21:45:00', 4), 
('2024-09-10', '23:00:00', 4), 
('2024-09-11', '22:45:00', 4), 
('2024-09-12', '22:00:00', 4), 
('2024-09-13', '22:00:00', 4), 
('2024-09-14', '23:45:00', 4), 
('2024-09-15', '22:30:00', 4);


INSERT INTO habits_despertar (fecha, hora, estado, usuario_id) VALUES
('2024-08-15', '06:00:00', 1, 1), 
('2024-08-16', '07:00:00', 1, 1), 
('2024-08-17', '08:00:00', 0, 1), 
('2024-08-18', '06:30:00', 1, 1), 
('2024-08-19', '05:30:00', 1, 1), 
('2024-08-20', '06:00:00', 1, 1), 
('2024-08-21', '06:30:00', 1, 1), 
('2024-08-22', '06:30:00', 1, 1), 
('2024-08-23', '05:00:00', 1, 1), 
('2024-08-24', '04:00:00', 0, 1), 
('2024-08-25', '08:00:00', 1, 1), 
('2024-08-26', '05:00:00', 1, 1), 
('2024-08-27', '04:30:00', 0, 1), 
('2024-08-28', '06:30:00', 1, 1), 
('2024-08-29', '05:30:00', 1, 1), 
('2024-08-30', '06:00:00', 1, 1), 
('2024-08-31', '05:00:00', 0, 1), 
('2024-09-01', '04:00:00', 1, 1), 
('2024-09-02', '06:30:00', 1, 1), 
('2024-09-03', '05:00:00', 0, 1), 
('2024-09-04', '06:00:00', 0, 1), 
('2024-09-05', '08:00:00', 1, 1), 
('2024-09-06', '07:30:00', 1, 1), 
('2024-09-07', '06:00:00', 1, 1), 
('2024-09-08', '06:00:00', 0, 1), 
('2024-09-09', '06:00:00', 0, 1), 
('2024-09-10', '06:30:00', 0, 1), 
('2024-09-11', '06:20:00', 1, 1), 
('2024-09-12', '06:00:00', 1, 1), 
('2024-09-13', '06:10:00', 1, 1), 
('2024-09-14', '06:00:00', 1, 1), 
('2024-09-15', '06:00:00', 1, 1),


-- user_id 2
('2024-08-15', '06:15:00', 1, 2), 
('2024-08-16', '07:05:00', 1, 2), 
('2024-08-17', '08:10:00', 0, 2), 
('2024-08-18', '06:45:00', 1, 2), 
('2024-08-19', '05:45:00', 1, 2), 
('2024-08-20', '06:15:00', 1, 2), 
('2024-08-21', '06:45:00', 1, 2), 
('2024-08-22', '06:45:00', 1, 2), 
('2024-08-23', '05:15:00', 1, 2), 
('2024-08-24', '04:15:00', 0, 2), 
('2024-08-25', '08:10:00', 1, 2), 
('2024-08-26', '05:15:00', 1, 2), 
('2024-08-27', '04:45:00', 0, 2), 
('2024-08-28', '06:45:00', 1, 2), 
('2024-08-29', '05:45:00', 1, 2), 
('2024-08-30', '06:15:00', 1, 2), 
('2024-08-31', '05:15:00', 0, 2), 
('2024-09-01', '04:15:00', 1, 2), 
('2024-09-02', '06:45:00', 1, 2), 
('2024-09-03', '05:15:00', 0, 2), 
('2024-09-04', '06:15:00', 0, 2), 
('2024-09-05', '08:10:00', 1, 2), 
('2024-09-06', '07:45:00', 1, 2), 
('2024-09-07', '06:15:00', 1, 2), 
('2024-09-08', '06:15:00', 0, 2), 
('2024-09-09', '06:15:00', 0, 2), 
('2024-09-10', '06:45:00', 0, 2), 
('2024-09-11', '06:30:00', 1, 2), 
('2024-09-12', '06:15:00', 1, 2), 
('2024-09-13', '06:25:00', 1, 2), 
('2024-09-14', '06:15:00', 1, 2),
('2024-09-15', '06:00:00', 1, 2),


-- user_id 3
('2024-08-15', '06:30:00', 1, 3), 
('2024-08-16', '07:10:00', 1, 3), 
('2024-08-17', '08:20:00', 0, 3), 
('2024-08-18', '07:00:00', 1, 3), 
('2024-08-19', '06:00:00', 1, 3), 
('2024-08-20', '06:30:00', 1, 3), 
('2024-08-21', '07:00:00', 1, 3), 
('2024-08-22', '07:00:00', 1, 3), 
('2024-08-23', '05:30:00', 1, 3), 
('2024-08-24', '04:30:00', 0, 3), 
('2024-08-25', '08:20:00', 1, 3), 
('2024-08-26', '05:30:00', 1, 3), 
('2024-08-27', '05:00:00', 0, 3), 
('2024-08-28', '07:00:00', 1, 3), 
('2024-08-29', '06:00:00', 1, 3), 
('2024-08-30', '06:30:00', 1, 3), 
('2024-08-31', '05:30:00', 0, 3), 
('2024-09-01', '04:30:00', 1, 3), 
('2024-09-02', '07:00:00', 1, 3), 
('2024-09-03', '05:30:00', 0, 3), 
('2024-09-04', '06:30:00', 0, 3), 
('2024-09-05', '08:20:00', 1, 3), 
('2024-09-06', '08:00:00', 1, 3), 
('2024-09-07', '06:30:00', 1, 3), 
('2024-09-08', '06:30:00', 0, 3), 
('2024-09-09', '06:30:00', 0, 3), 
('2024-09-10', '07:00:00', 0, 3), 
('2024-09-11', '06:40:00', 1, 3), 
('2024-09-12', '06:30:00', 1, 3), 
('2024-09-13', '06:40:00', 1, 3), 
('2024-09-14', '06:30:00', 1, 3),
('2024-09-15', '06:00:00', 1, 3),

-- user_id 4
('2024-08-15', '06:45:00', 1, 4), 
('2024-08-16', '07:15:00', 1, 4), 
('2024-08-17', '08:30:00', 0, 4), 
('2024-08-18', '07:15:00', 1, 4), 
('2024-08-19', '06:15:00', 1, 4), 
('2024-08-20', '06:45:00', 1, 4), 
('2024-08-21', '07:15:00', 1, 4), 
('2024-08-22', '07:15:00', 1, 4), 
('2024-08-23', '05:45:00', 1, 4), 
('2024-08-24', '04:45:00', 0, 4), 
('2024-08-25', '08:30:00', 1, 4), 
('2024-08-26', '05:45:00', 1, 4), 
('2024-08-27', '05:15:00', 0, 4), 
('2024-08-28', '07:15:00', 1, 4), 
('2024-08-29', '06:15:00', 1, 4), 
('2024-08-30', '06:45:00', 1, 4), 
('2024-08-31', '05:45:00', 0, 4), 
('2024-09-01', '04:45:00', 1, 4), 
('2024-09-02', '07:15:00', 1, 4), 
('2024-09-03', '05:45:00', 0, 4), 
('2024-09-04', '06:45:00', 0, 4), 
('2024-09-05', '08:30:00', 1, 4), 
('2024-09-06', '08:15:00', 1, 4), 
('2024-09-07', '06:45:00', 1, 4), 
('2024-09-08', '06:45:00', 0, 4), 
('2024-09-09', '06:45:00', 0, 4), 
('2024-09-10', '07:15:00', 0, 4), 
('2024-09-11', '06:50:00', 1, 4), 
('2024-09-12', '06:45:00', 1, 4), 
('2024-09-13', '06:55:00', 1, 4), 
('2024-09-14', '06:45:00', 1, 4),
('2024-09-15', '06:00:00', 1, 4);




INSERT INTO habits_ejercicio (fecha, tiempo, tipo, usuario_id) VALUES
 -- Datos para user_id 2
    ('2024-08-15', 50, 'lenta', 1),
    ('2024-08-16', 60, 'rápido', 1),
    ('2024-08-17', 40, 'carrera', 1),
    ('2024-08-18', 60, 'ejercicio guiado', 1),
    ('2024-08-19', 80, 'caminata lenta', 1),
    ('2024-08-20', 45, 'carrera', 1),
    ('2024-08-21', 33, 'caminata lenta', 1),
    ('2024-08-22', 25, 'caminata lenta', 1),
    ('2024-08-23', 20, 'carrera', 1),
    ('2024-08-24', 25, 'caminata lenta', 1),
    ('2024-08-25', 26, 'rápido', 1),
    ('2024-08-26', 54, 'rápido', 1),
    ('2024-08-27', 46, 'caminata lenta', 1),
    ('2024-08-28', 45, 'carrera', 1),
    ('2024-08-29', 65, 'caminata lenta', 1),
    ('2024-08-30', 36, 'rápido', 1),
    ('2024-08-31', 45, 'caminata lenta', 1),
    ('2024-09-01', 45, 'caminata lenta', 1),
    ('2024-09-02', 85, 'caminata lenta', 1),
    ('2024-09-03', 100, 'caminata lenta', 1),
    ('2024-09-04', 12, 'caminata lenta', 1),
    ('2024-09-05', 20, 'carrera', 1),
    ('2024-09-06', 56, 'caminata lenta', 1),
    ('2024-09-07', 45, 'caminata lenta', 1),
    ('2024-09-08', 40, 'caminata lenta', 1),
    ('2024-09-09', 85, 'carrera', 1),
    ('2024-09-10', 35, 'caminata lenta', 1),
    ('2024-09-11', 30, 'caminata lenta', 1),
    ('2024-09-12', 35, 'caminata lenta', 1),
    ('2024-09-13', 45, 'carrera', 1),
    ('2024-09-14', 40, 'caminata lenta', 1),
    ('2024-09-15', 60, 'carrera', 1),
    -- Datos para user_id 2
    ('2024-08-15', 30, 'lenta', 2),
    ('2024-08-16', 50, 'rápido', 2),
    ('2024-08-17', 40, 'carrera', 2),
    ('2024-08-18', 60, 'ejercicio guiado', 2),
    ('2024-08-19', 70, 'caminata lenta', 2),
    ('2024-08-20', 45, 'carrera', 2),
    ('2024-08-21', 33, 'caminata lenta', 2),
    ('2024-08-22', 15, 'caminata lenta', 2),
    ('2024-08-23', 20, 'carrera', 2),
    ('2024-08-24', 25, 'caminata lenta', 2),
    ('2024-08-25', 26, 'rápido', 2),
    ('2024-08-26', 54, 'rápido', 2),
    ('2024-08-27', 56, 'caminata lenta', 2),
    ('2024-08-28', 45, 'carrera', 2),
    ('2024-08-29', 35, 'caminata lenta', 2),
    ('2024-08-30', 36, 'rápido', 2),
    ('2024-08-31', 45, 'caminata lenta', 2),
    ('2024-09-01', 45, 'carrera', 2),
    ('2024-09-02', 85, 'caminata lenta', 2),
    ('2024-09-03', 100, 'caminata lenta', 2),
    ('2024-09-04', 12, 'caminata lenta', 2),
    ('2024-09-05', 10, 'carrera', 2),
    ('2024-09-06', 56, 'caminata lenta', 2),
    ('2024-09-07', 45, 'caminata lenta', 2),
    ('2024-09-08', 40, 'caminata lenta', 2),
    ('2024-09-09', 55, 'carrera', 2),
    ('2024-09-10', 35, 'caminata lenta', 2),
    ('2024-09-11', 30, 'caminata lenta', 2),
    ('2024-09-12', 35, 'caminata lenta', 2),
    ('2024-09-13', 45, 'carrera', 2),
    ('2024-09-14', 30, 'caminata lenta', 2),
    ('2024-09-15', 60, 'carrera', 2),

    -- Datos para user_id 3
    ('2024-08-15', 30, 'lenta', 3),
    ('2024-08-16', 50, 'rápido', 3),
    ('2024-08-17', 40, 'carrera', 3),
    ('2024-08-18', 60, 'ejercicio guiado', 3),
    ('2024-08-19', 70, 'caminata lenta', 3),
    ('2024-08-20', 45, 'carrera', 3),
    ('2024-08-21', 33, 'caminata lenta', 3),
    ('2024-08-22', 15, 'caminata lenta', 3),
    ('2024-08-23', 20, 'carrera', 3),
    ('2024-08-24', 25, 'caminata lenta', 3),
    ('2024-08-25', 26, 'rápido', 3),
    ('2024-08-26', 54, 'rápido', 3),
    ('2024-08-27', 56, 'caminata lenta', 3),
    ('2024-08-28', 45, 'carrera', 3),
    ('2024-08-29', 35, 'caminata lenta', 3),
    ('2024-08-30', 36, 'rápido', 3),
    ('2024-08-31', 45, 'caminata lenta', 3),
    ('2024-09-01', 45, 'carrera', 3),
    ('2024-09-02', 85, 'caminata lenta', 3),
    ('2024-09-03', 100, 'caminata lenta', 3),
    ('2024-09-04', 12, 'caminata lenta', 3),
    ('2024-09-05', 10, 'carrera', 3),
    ('2024-09-06', 56, 'caminata lenta', 3),
    ('2024-09-07', 45, 'caminata lenta', 3),
    ('2024-09-08', 40, 'caminata lenta', 3),
    ('2024-09-09', 55, 'carrera', 3),
    ('2024-09-10', 35, 'caminata lenta', 3),
    ('2024-09-11', 30, 'caminata lenta', 3),
    ('2024-09-12', 35, 'caminata lenta', 3),
    ('2024-09-13', 45, 'carrera', 3),
    ('2024-09-14', 30, 'caminata lenta', 3),
    ('2024-09-15', 60, 'carrera', 3),

    -- Datos para user_id 4
    ('2024-08-15', 30, 'lenta', 4),
    ('2024-08-16', 50, 'rápido', 4),
    ('2024-08-17', 40, 'carrera', 4),
    ('2024-08-18', 60, 'ejercicio guiado', 4),
    ('2024-08-19', 70, 'caminata lenta', 4),
    ('2024-08-20', 45, 'carrera', 4),
    ('2024-08-21', 33, 'caminata lenta', 4),
    ('2024-08-22', 15, 'caminata lenta', 4),
    ('2024-08-23', 20, 'carrera', 4),
    ('2024-08-24', 25, 'caminata lenta', 4),
    ('2024-08-25', 26, 'rápido', 4),
    ('2024-08-26', 54, 'rápido', 4),
    ('2024-08-27', 56, 'caminata lenta', 4),
    ('2024-08-28', 45, 'carrera', 4),
    ('2024-08-29', 35, 'caminata lenta', 4),
    ('2024-08-30', 36, 'rápido', 4),
    ('2024-08-31', 45, 'caminata lenta', 4),
    ('2024-09-01', 45, 'carrera', 4),
    ('2024-09-02', 85, 'caminata lenta', 4),
    ('2024-09-03', 100, 'caminata lenta', 4),
    ('2024-09-04', 12, 'caminata lenta', 4),
    ('2024-09-05', 10, 'carrera', 4),
    ('2024-09-06', 56, 'caminata lenta', 4),
    ('2024-09-07', 45, 'caminata lenta', 4),
    ('2024-09-08', 40, 'caminata lenta', 4),
    ('2024-09-09', 55, 'carrera', 4),
    ('2024-09-10', 35, 'caminata lenta', 4),
    ('2024-09-11', 30, 'caminata lenta', 4),
    ('2024-09-12', 35, 'caminata lenta', 4),
    ('2024-09-13', 45, 'carrera', 4),
    ('2024-09-14', 30, 'caminata lenta', 4),
    ('2024-09-15', 60, 'carrera', 4);

INSERT INTO health_datosmuestras (usuario_id, colesterol_total, colesterol_hdl, colesterol_ldl, trigliceridos, glucosa, glicemia_basal, fecha, tipo)
VALUES
(1, 190.50, 45.00, 110.00, 150.00, 85.50, 92.0, '2024-01-01', 'inicial'),
(2, 210.75, 50.20, 120.30, 140.25, 90.30, 88.5, '2024-02-01', 'inicial'),
(3, 180.40, 42.50, 100.75, 130.60, 95.00, 94.7, '2024-03-01', 'inicial'),
(4, 200.30, 47.00, 115.00, 160.10, 85.60, 89.3, '2024-01-15', 'inicial'),
(5, 195.80, 46.50, 112.30, 155.50, 92.40, 91.1, '2024-02-10', 'inicial'),
(6, 220.60, 51.20, 125.40, 170.00, 88.30, 90.0, '2024-03-05', 'inicial'),
(7, 175.20, 40.80, 98.70, 125.40, 93.60, 93.8, '2024-01-20', 'inicial'),
(8, 205.70, 48.90, 118.20, 160.30, 87.50, 89.5, '2024-02-15', 'inicial'),
(9, 188.90, 44.20, 108.60, 140.50, 91.70, 90.3, '2024-03-10', 'inicial'),
(10, 215.50, 50.00, 122.00, 165.50, 86.40, 88.8, '2024-01-30', 'inicial'),
(11, 192.80, 46.00, 110.30, 152.30, 89.60, 91.0, '2024-02-20', 'inicial'),
(12, 185.70, 43.50, 105.50, 135.20, 94.00, 94.2, '2024-03-25', 'inicial'),
(13, 198.20, 47.80, 115.70, 150.60, 92.30, 90.6, '2024-01-10', 'inicial'),
(14, 210.90, 49.60, 120.50, 160.80, 88.50, 87.9, '2024-02-25', 'inicial'),
(15, 190.30, 45.00, 110.20, 145.40, 95.00, 92.2, '2024-03-15', 'inicial'),
(16, 215.10, 50.50, 125.00, 170.20, 87.80, 90.7, '2024-01-05', 'inicial'),
(17, 180.50, 42.00, 102.30, 135.80, 91.50, 93.0, '2024-02-18', 'inicial'),
(18, 205.20, 48.00, 118.00, 155.60, 90.70, 89.6, '2024-03-20', 'inicial'),
(19, 195.60, 45.50, 112.00, 148.90, 92.40, 91.4, '2024-01-25', 'inicial'),
(20, 210.80, 49.00, 120.40, 160.30, 89.50, 88.9, '2024-02-28', 'inicial'),
(21, 200.40, 46.80, 115.60, 155.20, 86.50, 91.0, '2024-01-06', 'inicial'),
(22, 220.50, 51.00, 125.30, 170.70, 90.60, 87.7, '2024-02-06', 'inicial'),
(23, 185.30, 43.00, 105.00, 135.60, 94.50, 93.6, '2024-03-06', 'inicial'),
(24, 210.20, 49.20, 120.20, 160.10, 87.30, 89.1, '2024-01-16', 'inicial'),
(25, 200.80, 46.50, 115.50, 155.50, 90.40, 91.2, '2024-02-16', 'inicial'),
(26, 215.60, 50.70, 125.50, 170.50, 88.20, 90.3, '2024-03-16', 'inicial'),
(27, 180.70, 42.50, 103.00, 135.70, 93.30, 94.0, '2024-01-26', 'inicial'),
(28, 205.40, 48.00, 118.30, 155.90, 91.20, 89.4, '2024-02-26', 'inicial'),
(29, 220.10, 51.30, 126.00, 170.10, 90.90, 88.1, '2024-03-26', 'inicial'),
(30, 195.90, 45.50, 113.00, 150.40, 92.20, 90.8, '2024-01-31', 'inicial'),
(31, 192.70, 45.80, 110.00, 148.60, 89.70, 91.1, '2024-01-11', 'inicial'),
(32, 215.00, 50.10, 124.80, 170.30, 87.60, 88.4, '2024-02-11', 'inicial'),
(33, 188.20, 44.00, 108.50, 145.50, 90.80, 92.3, '2024-03-11', 'inicial'),
(34, 205.60, 48.70, 119.00, 157.00, 85.90, 89.9, '2024-01-21', 'inicial'),
(35, 215.20, 50.20, 125.60, 170.70, 88.70, 90.1, '2024-02-21', 'inicial'),
(36, 190.50, 45.00, 111.00, 150.60, 91.40, 92.4, '2024-03-21', 'inicial'),
(37, 175.80, 42.10, 100.00, 130.50, 93.90, 94.5, '2024-01-17', 'inicial'),
(38, 210.40, 49.00, 120.50, 160.00, 87.50, 90.8, '2024-02-17', 'inicial'),
(39, 195.70, 46.30, 113.00, 148.90, 92.00, 91.7, '2024-03-17', 'inicial'),
(40, 225.50, 52.00, 127.00, 175.50, 88.50, 89.0, '2024-01-07', 'inicial'),
(41, 200.20, 46.50, 115.60, 155.80, 91.60, 91.5, '2024-02-07', 'inicial'),
(42, 220.30, 51.00, 126.20, 170.90, 90.00, 88.6, '2024-03-07', 'inicial'),
(43, 190.50, 45.20, 110.70, 150.10, 94.60, 92.8, '2024-01-12', 'inicial'),
(44, 210.10, 48.50, 120.10, 160.50, 86.30, 89.3, '2024-02-12', 'inicial'),
(45, 225.00, 51.70, 127.50, 175.20, 88.00, 89.7, '2024-03-12', 'inicial'),
(46, 185.40, 43.50, 106.00, 136.50, 93.20, 94.1, '2024-01-22', 'inicial'),
(47, 205.80, 48.80, 118.50, 155.40, 89.40, 90.9, '2024-02-22', 'inicial'),
(48, 200.60, 46.20, 115.00, 155.70, 92.50, 90.5, '2024-03-22', 'inicial'),
(49, 195.50, 45.60, 112.40, 150.20, 87.70, 91.3, '2024-01-27', 'inicial'),
(50, 220.40, 50.90, 125.80, 170.80, 88.90, 88.0, '2024-02-27', 'inicial'),
(51, 175.50, 41.90, 98.60, 128.90, 94.20, 93.4, '2024-03-27', 'inicial'),
(52, 210.50, 48.20, 120.30, 160.20, 89.80, 89.9, '2024-01-08', 'inicial'),
(53, 215.40, 50.40, 126.00, 170.40, 90.50, 87.5, '2024-02-08', 'inicial'),
(54, 180.90, 42.80, 102.40, 135.10, 92.90, 93.9, '2024-03-08', 'inicial'),
(55, 205.90, 48.40, 119.00, 157.30, 88.60, 90.2, '2024-01-18', 'inicial'),
(56, 195.30, 45.80, 112.50, 150.00, 91.10, 91.6, '2024-02-18', 'inicial'),
(57, 220.70, 51.10, 126.70, 171.00, 89.20, 88.3, '2024-03-18', 'inicial'),
(58, 190.70, 45.10, 111.20, 150.80, 87.20, 90.5, '2024-01-28', 'inicial'),
(59, 210.90, 49.60, 120.50, 160.30, 92.50, 88.8, '2024-02-28', 'inicial'),
(60, 215.30, 50.80, 126.30, 171.20, 89.90, 87.0, '2024-03-28', 'inicial'),
(1, 190.50, 45.00, 110.00, 150.00, 85.50, 92.0, '2024-01-01', 'final'),
(2, 210.75, 50.20, 120.30, 140.25, 90.30, 88.5, '2024-02-01', 'final'),
(3, 180.40, 42.50, 100.75, 130.60, 95.00, 94.7, '2024-03-01', 'final'),
(4, 200.30, 47.00, 115.00, 160.10, 85.60, 89.3, '2024-01-15', 'final'),
(5, 195.80, 46.50, 112.30, 155.50, 92.40, 91.1, '2024-02-10', 'final'),
(6, 220.60, 51.20, 125.40, 170.00, 88.30, 90.0, '2024-03-05', 'final'),
(7, 175.20, 40.80, 98.70, 125.40, 93.60, 93.8, '2024-01-20', 'final'),
(8, 205.70, 48.90, 118.20, 160.30, 87.50, 89.5, '2024-02-15', 'final'),
(9, 188.90, 44.20, 108.60, 140.50, 91.70, 90.3, '2024-03-10', 'final'),
(10, 215.50, 50.00, 122.00, 165.50, 86.40, 88.8, '2024-01-30', 'final'),
(11, 192.80, 46.00, 110.30, 152.30, 89.60, 91.0, '2024-02-20', 'final'),
(12, 185.70, 43.50, 105.50, 135.20, 94.00, 94.2, '2024-03-25', 'final'),
(13, 198.20, 47.80, 115.70, 150.60, 92.30, 90.6, '2024-01-10', 'final'),
(14, 210.90, 49.60, 120.50, 160.80, 88.50, 87.9, '2024-02-25', 'final'),
(15, 190.30, 45.00, 110.20, 145.40, 95.00, 92.2, '2024-03-15', 'final'),
(16, 215.10, 50.50, 125.00, 170.20, 87.80, 90.7, '2024-01-05', 'final'),
(17, 180.50, 42.00, 102.30, 135.80, 91.50, 93.0, '2024-02-18', 'final'),
(18, 205.20, 48.00, 118.00, 155.60, 90.70, 89.6, '2024-03-20', 'final'),
(19, 195.60, 45.50, 112.00, 148.90, 92.40, 91.4, '2024-01-25', 'final'),
(20, 210.80, 49.00, 120.40, 160.30, 89.50, 88.9, '2024-02-28', 'final'),
(21, 200.40, 46.80, 115.60, 155.20, 86.50, 91.0, '2024-01-06', 'final'),
(22, 220.50, 51.00, 125.30, 170.70, 90.60, 87.7, '2024-02-06', 'final'),
(23, 185.30, 43.00, 105.00, 135.60, 94.50, 93.6, '2024-03-06', 'final'),
(24, 210.20, 49.20, 120.20, 160.10, 87.30, 89.1, '2024-01-16', 'final'),
(25, 200.80, 46.50, 115.50, 155.50, 90.40, 91.2, '2024-02-16', 'final'),
(26, 215.60, 50.70, 125.50, 170.50, 88.20, 90.3, '2024-03-16', 'final'),
(27, 180.70, 42.50, 103.00, 135.70, 93.30, 94.0, '2024-01-26', 'final'),
(28, 205.40, 48.00, 118.30, 155.90, 91.20, 89.4, '2024-02-26', 'final'),
(29, 220.10, 51.30, 126.00, 170.10, 90.90, 88.1, '2024-03-26', 'final'),
(30, 195.90, 45.50, 113.00, 150.40, 92.20, 90.8, '2024-01-31', 'final'),
(31, 192.70, 45.80, 110.00, 148.60, 89.70, 91.1, '2024-01-11', 'final'),
(32, 215.00, 50.10, 124.80, 170.30, 87.60, 88.4, '2024-02-11', 'final'),
(33, 188.20, 44.00, 108.50, 145.50, 90.80, 92.3, '2024-03-11', 'final'),
(34, 205.60, 48.70, 119.00, 157.00, 85.90, 89.9, '2024-01-21', 'final'),
(35, 215.20, 50.20, 125.60, 170.70, 88.70, 90.1, '2024-02-21', 'final'),
(36, 190.50, 45.00, 111.00, 150.60, 91.40, 92.4, '2024-03-21', 'final'),
(37, 175.80, 42.10, 100.00, 130.50, 93.90, 94.5, '2024-01-17', 'final'),
(38, 210.40, 49.00, 120.50, 160.00, 87.50, 90.8, '2024-02-17', 'final'),
(39, 195.70, 46.30, 113.00, 148.90, 92.00, 91.7, '2024-03-17', 'final'),
(40, 225.50, 52.00, 127.00, 175.50, 88.50, 89.0, '2024-01-07', 'final'),
(41, 200.20, 46.50, 115.60, 155.80, 91.60, 91.5, '2024-02-07', 'final'),
(42, 220.30, 51.00, 126.20, 170.90, 90.00, 88.6, '2024-03-07', 'final'),
(43, 190.50, 45.20, 110.70, 150.10, 94.60, 92.8, '2024-01-12', 'final'),
(44, 210.10, 48.50, 120.10, 160.50, 86.30, 89.3, '2024-02-12', 'final'),
(45, 225.00, 51.70, 127.50, 175.20, 88.00, 89.7, '2024-03-12', 'final'),
(46, 185.40, 43.50, 106.00, 136.50, 93.20, 94.1, '2024-01-22', 'final'),
(47, 205.80, 48.80, 118.50, 155.40, 89.40, 90.9, '2024-02-22', 'final'),
(48, 200.60, 46.20, 115.00, 155.70, 92.50, 90.5, '2024-03-22', 'final'),
(49, 195.50, 45.60, 112.40, 150.20, 87.70, 91.3, '2024-01-27', 'final'),
(50, 220.40, 50.90, 125.80, 170.80, 88.90, 88.0, '2024-02-27', 'final'),
(51, 175.50, 41.90, 98.60, 128.90, 94.20, 93.4, '2024-03-27', 'final'),
(52, 210.50, 48.20, 120.30, 160.20, 89.80, 89.9, '2024-01-08', 'final'),
(53, 215.40, 50.40, 126.00, 170.40, 90.50, 87.5, '2024-02-08', 'final'),
(54, 180.90, 42.80, 102.40, 135.10, 92.90, 93.9, '2024-03-08', 'final'),
(55, 205.90, 48.40, 119.00, 157.30, 88.60, 90.2, '2024-01-18', 'final'),
(56, 195.30, 45.80, 112.50, 150.00, 91.10, 91.6, '2024-02-18', 'final'),
(57, 220.70, 51.10, 126.70, 171.00, 89.20, 88.3, '2024-03-18', 'final'),
(58, 190.70, 45.10, 111.20, 150.80, 87.20, 90.5, '2024-01-28', 'final'),
(59, 210.90, 49.60, 120.50, 160.30, 92.50, 88.8, '2024-02-28', 'final'),
(60, 215.30, 50.80, 126.30, 171.20, 89.90, 87.0, '2024-03-28', 'final');


INSERT INTO health_signosvitales (usuario_id, presion_sistolica, presion_diastolica, frecuencia_cardiaca, frecuencia_respiratoria, temperatura, saturacion_oxigeno, fecha, tipo)
VALUES
(1, 120, 80, 72, 16, 36.5, 98, '2024-01-01', 'inicial'),
(2, 130, 85, 76, 18, 36.7, 99, '2024-02-01', 'inicial'),
(3, 115, 75, 70, 14, 36.6, 97, '2024-03-01', 'inicial'),
(4, 125, 82, 74, 16, 36.8, 96, '2024-01-15', 'inicial'),
(5, 118, 78, 72, 15, 36.4, 99, '2024-02-10', 'inicial'),
(6, 135, 88, 80, 19, 36.9, 98, '2024-03-05', 'inicial'),
(7, 110, 70, 68, 12, 36.3, 97, '2024-01-20', 'inicial'),
(8, 128, 84, 75, 17, 37.0, 100, '2024-02-15', 'inicial'),
(9, 122, 79, 73, 16, 36.6, 98, '2024-03-10', 'inicial'),
(10, 140, 90, 78, 20, 37.1, 99, '2024-01-30', 'inicial'),
(11, 125, 83, 74, 16, 36.8, 97, '2024-02-20', 'inicial'),
(12, 115, 75, 70, 14, 36.5, 96, '2024-03-25', 'inicial'),
(13, 130, 85, 76, 18, 36.7, 98, '2024-01-10', 'inicial'),
(14, 120, 80, 72, 16, 36.6, 99, '2024-02-25', 'inicial'),
(15, 125, 82, 74, 17, 36.9, 97, '2024-03-15', 'inicial'),
(16, 135, 87, 78, 19, 37.0, 96, '2024-01-05', 'inicial'),
(17, 110, 72, 68, 13, 36.4, 100, '2024-02-18', 'inicial'),
(18, 130, 85, 75, 18, 37.1, 98, '2024-03-20', 'inicial'),
(19, 115, 76, 71, 15, 36.5, 97, '2024-01-25', 'inicial'),
(20, 125, 82, 73, 16, 36.7, 99, '2024-02-28', 'inicial'),
(21, 121, 81, 72, 16, 36.5, 98, '2024-01-06', 'inicial'),
(22, 134, 86, 78, 18, 37.2, 97, '2024-02-06', 'inicial'),
(23, 119, 77, 73, 17, 36.7, 96, '2024-03-06', 'inicial'),
(24, 128, 84, 74, 16, 36.9, 98, '2024-01-16', 'inicial'),
(25, 132, 85, 75, 17, 37.1, 99, '2024-02-16', 'inicial'),
(26, 127, 83, 76, 18, 36.8, 97, '2024-03-16', 'inicial'),
(27, 115, 75, 69, 14, 36.4, 100, '2024-01-26', 'inicial'),
(28, 130, 86, 77, 18, 36.6, 98, '2024-02-26', 'inicial'),
(29, 135, 88, 80, 19, 37.0, 97, '2024-03-26', 'inicial'),
(30, 120, 79, 71, 16, 36.7, 99, '2024-01-31', 'inicial'),
(31, 118, 78, 72, 16, 36.5, 98, '2024-01-11', 'inicial'),
(32, 140, 89, 78, 20, 37.1, 96, '2024-02-11', 'inicial'),
(33, 122, 81, 73, 17, 36.6, 99, '2024-03-11', 'inicial'),
(34, 128, 85, 74, 18, 36.9, 98, '2024-01-21', 'inicial'),
(35, 136, 87, 76, 19, 37.2, 97, '2024-02-21', 'inicial'),
(36, 125, 83, 74, 16, 36.8, 99, '2024-03-21', 'inicial'),
(37, 115, 75, 69, 14, 36.4, 97, '2024-01-17', 'inicial'),
(38, 132, 84, 75, 18, 36.7, 98, '2024-02-17', 'inicial'),
(39, 125, 83, 73, 16, 37.0, 100, '2024-03-17', 'inicial'),
(40, 138, 88, 79, 20, 37.3, 99, '2024-01-07', 'inicial'),
(41, 123, 82, 72, 17, 36.6, 97, '2024-02-07', 'inicial'),
(42, 130, 86, 75, 18, 37.1, 98, '2024-03-07', 'inicial'),
(43, 116, 77, 70, 15, 36.5, 96, '2024-01-12', 'inicial'),
(44, 127, 84, 74, 17, 36.9, 100, '2024-02-12', 'inicial'),
(45, 135, 88, 78, 19, 37.2, 99, '2024-03-12', 'inicial'),
(46, 120, 79, 71, 16, 36.7, 98, '2024-01-22', 'inicial'),
(47, 115, 75, 69, 14, 36.4, 97, '2024-02-22', 'inicial'),
(48, 130, 86, 75, 18, 37.0, 96, '2024-03-22', 'inicial'),
(49, 125, 82, 74, 17, 36.6, 98, '2024-01-18', 'inicial'),
(50, 135, 88, 77, 19, 37.1, 97, '2024-02-18', 'inicial'),
(51, 122, 80, 73, 16, 36.8, 99, '2024-03-18', 'inicial'),
(52, 118, 78, 72, 15, 36.5, 96, '2024-01-13', 'inicial'),
(53, 140, 90, 79, 20, 37.2, 100, '2024-02-13', 'inicial'),
(54, 130, 85, 74, 18, 36.9, 98, '2024-03-13', 'inicial'),
(55, 115, 76, 71, 14, 36.4, 97, '2024-01-08', 'inicial'),
(56, 128, 83, 73, 17, 36.7, 98, '2024-02-08', 'inicial'),
(57, 135, 87, 76, 19, 37.0, 99, '2024-03-08', 'inicial'),
(58, 125, 81, 72, 16, 36.8, 97, '2024-01-28', 'inicial'),
(59, 140, 89, 79, 20, 37.1, 98, '2024-02-28', 'inicial'),
(60, 130, 86, 75, 18, 36.9, 99, '2024-03-28', 'inicial'),
(1, 120, 80, 72, 16, 36.5, 98, '2024-01-01', 'final'),
(2, 130, 85, 76, 18, 36.7, 99, '2024-02-01', 'final'),
(3, 115, 75, 70, 14, 36.6, 97, '2024-03-01', 'final'),
(4, 125, 82, 74, 16, 36.8, 96, '2024-01-15', 'final'),
(5, 118, 78, 72, 15, 36.4, 99, '2024-02-10', 'final'),
(6, 135, 88, 80, 19, 36.9, 98, '2024-03-05', 'final'),
(7, 110, 70, 68, 12, 36.3, 97, '2024-01-20', 'final'),
(8, 128, 84, 75, 17, 37.0, 100, '2024-02-15', 'final'),
(9, 122, 79, 73, 16, 36.6, 98, '2024-03-10', 'final'),
(10, 140, 90, 78, 20, 37.1, 99, '2024-01-30', 'final'),
(11, 125, 83, 74, 16, 36.8, 97, '2024-02-20', 'final'),
(12, 115, 75, 70, 14, 36.5, 96, '2024-03-25', 'final'),
(13, 130, 85, 76, 18, 36.7, 98, '2024-01-10', 'final'),
(14, 120, 80, 72, 16, 36.6, 99, '2024-02-25', 'final'),
(15, 125, 82, 74, 17, 36.9, 97, '2024-03-15', 'final'),
(16, 135, 87, 78, 19, 37.0, 96, '2024-01-05', 'final'),
(17, 110, 72, 68, 13, 36.4, 100, '2024-02-18', 'final'),
(18, 130, 85, 75, 18, 37.1, 98, '2024-03-20', 'final'),
(19, 115, 76, 71, 15, 36.5, 97, '2024-01-25', 'final'),
(20, 125, 82, 73, 16, 36.7, 99, '2024-02-28', 'final'),
(21, 121, 81, 72, 16, 36.5, 98, '2024-01-06', 'final'),
(22, 134, 86, 78, 18, 37.2, 97, '2024-02-06', 'final'),
(23, 119, 77, 73, 17, 36.7, 96, '2024-03-06', 'final'),
(24, 128, 84, 74, 16, 36.9, 98, '2024-01-16', 'final'),
(25, 132, 85, 75, 17, 37.1, 99, '2024-02-16', 'final'),
(26, 127, 83, 76, 18, 36.8, 97, '2024-03-16', 'final'),
(27, 115, 75, 69, 14, 36.4, 100, '2024-01-26', 'final'),
(28, 130, 86, 77, 18, 36.6, 98, '2024-02-26', 'final'),
(29, 135, 88, 80, 19, 37.0, 97, '2024-03-26', 'final'),
(30, 120, 79, 71, 16, 36.7, 99, '2024-01-31', 'final'),
(31, 118, 78, 72, 16, 36.5, 98, '2024-01-11', 'final'),
(32, 140, 89, 78, 20, 37.1, 96, '2024-02-11', 'final'),
(33, 122, 81, 73, 17, 36.6, 99, '2024-03-11', 'final'),
(34, 128, 85, 74, 18, 36.9, 98, '2024-01-21', 'final'),
(35, 136, 87, 76, 19, 37.2, 97, '2024-02-21', 'final'),
(36, 125, 83, 74, 16, 36.8, 99, '2024-03-21', 'final'),
(37, 115, 75, 69, 14, 36.4, 97, '2024-01-17', 'final'),
(38, 132, 84, 75, 18, 36.7, 98, '2024-02-17', 'final'),
(39, 125, 83, 73, 16, 37.0, 100, '2024-03-17', 'final'),
(40, 138, 88, 79, 20, 37.3, 99, '2024-01-07', 'final'),
(41, 123, 82, 72, 17, 36.6, 97, '2024-02-07', 'final'),
(42, 130, 86, 75, 18, 37.1, 98, '2024-03-07', 'final'),
(43, 116, 77, 70, 15, 36.5, 96, '2024-01-12', 'final'),
(44, 127, 84, 74, 17, 36.9, 100, '2024-02-12', 'final'),
(45, 135, 88, 78, 19, 37.2, 99, '2024-03-12', 'final'),
(46, 120, 79, 71, 16, 36.7, 98, '2024-01-22', 'final'),
(47, 115, 75, 69, 14, 36.4, 97, '2024-02-22', 'final'),
(48, 130, 86, 75, 18, 37.0, 96, '2024-03-22', 'final'),
(49, 125, 82, 74, 17, 36.6, 98, '2024-01-18', 'final'),
(50, 135, 88, 77, 19, 37.1, 97, '2024-02-18', 'final'),
(51, 122, 80, 73, 16, 36.8, 99, '2024-03-18', 'final'),
(52, 118, 78, 72, 15, 36.5, 96, '2024-01-13', 'final'),
(53, 140, 90, 79, 20, 37.2, 100, '2024-02-13', 'final'),
(54, 130, 85, 74, 18, 36.9, 98, '2024-03-13', 'final'),
(55, 115, 76, 71, 14, 36.4, 97, '2024-01-08', 'final'),
(56, 128, 83, 73, 17, 36.7, 98, '2024-02-08', 'final'),
(57, 135, 87, 76, 19, 37.0, 99, '2024-03-08', 'final'),
(58, 125, 81, 72, 16, 36.8, 97, '2024-01-28', 'final'),
(59, 140, 89, 79, 20, 37.1, 98, '2024-02-28', 'final'),
(60, 130, 86, 75, 18, 36.9, 99, '2024-03-28', 'final');


INSERT INTO health_datosfisicos (usuario_id, peso, altura, imc, radio_abdominal, grasa_corporal, grasa_visceral, porcentaje_musculo, fecha, tipo)
VALUES
(1, 75.25, 180, 23.2, 85.0, 18.5, 9.4, 34.7, '2024-01-10', 'inicial'),
(2, 68.50, 165, 25.1, 92.3, 22.4, 10.2, 29.5, '2024-02-12', 'inicial'),
(3, 80.10, 175, 26.1, 88.5, 25.7, 12.3, 31.1, '2024-03-15', 'inicial'),
(4, 55.90, 155, 23.3, 76.0, 19.0, 7.8, 32.4, '2024-01-20', 'inicial'),
(5, 92.70, 185, 27.1, 99.5, 28.6, 14.9, 36.5, '2024-03-10', 'inicial'),
(6, 69.30, 172, 23.4, 84.0, 21.2, 8.3, 28.9, '2024-02-17', 'inicial'),
(7, 77.80, 168, 27.5, 91.2, 26.3, 13.0, 30.1, '2024-03-22', 'inicial'),
(8, 62.40, 160, 24.3, 79.8, 20.1, 9.1, 31.5, '2024-02-05', 'inicial'),
(9, 85.60, 178, 27.0, 90.7, 24.8, 12.7, 33.2, '2024-03-29', 'inicial'),
(10, 95.20, 182, 28.8, 102.1, 29.7, 15.4, 35.7, '2024-01-11', 'inicial'),
(11, 71.50, 169, 25.0, 88.3, 23.1, 10.5, 28.6, '2024-02-09', 'inicial'),
(12, 82.70, 176, 26.6, 89.5, 25.5, 11.9, 30.0, '2024-03-17', 'inicial'),
(13, 58.90, 157, 23.9, 78.0, 19.3, 7.5, 33.4, '2024-01-27', 'inicial'),
(14, 90.10, 183, 26.9, 98.2, 27.8, 14.6, 34.9, '2024-03-05', 'inicial'),
(15, 67.70, 163, 25.5, 86.4, 22.9, 9.8, 29.1, '2024-02-15', 'inicial'),
(16, 78.50, 179, 24.4, 85.6, 21.8, 10.1, 32.8, '2024-01-19', 'inicial'),
(17, 72.30, 175, 23.6, 83.9, 20.7, 9.0, 30.5, '2024-03-12', 'inicial'),
(18, 61.40, 162, 23.4, 79.2, 18.9, 8.0, 31.9, '2024-02-23', 'inicial'),
(19, 88.20, 184, 26.0, 97.5, 26.4, 13.7, 35.2, '2024-01-14', 'inicial'),
(20, 93.10, 180, 28.7, 100.9, 29.3, 14.8, 33.0, '2024-03-25', 'inicial'),
(21, 64.50, 167, 23.1, 82.0, 19.6, 8.4, 28.3, '2024-02-13', 'inicial'),
(22, 81.20, 174, 26.8, 88.9, 25.3, 11.4, 30.7, '2024-03-19', 'inicial'),
(23, 59.30, 160, 23.2, 77.5, 19.1, 7.3, 33.6, '2024-01-23', 'inicial'),
(24, 89.40, 182, 27.0, 95.8, 27.0, 13.4, 34.5, '2024-03-09', 'inicial'),
(25, 66.90, 164, 24.8, 85.7, 21.7, 9.5, 28.4, '2024-02-10', 'inicial'),
(26, 79.80, 178, 25.2, 87.2, 22.5, 10.6, 32.9, '2024-01-16', 'inicial'),
(27, 73.10, 171, 25.0, 84.6, 21.4, 9.7, 30.3, '2024-03-14', 'inicial'),
(28, 60.70, 159, 23.9, 78.9, 19.4, 7.7, 31.8, '2024-02-21', 'inicial'),
(29, 87.50, 183, 26.1, 94.3, 26.1, 12.8, 34.7, '2024-01-12', 'inicial'),
(30, 94.30, 179, 29.4, 101.7, 30.0, 15.1, 36.2, '2024-03-26', 'inicial'),
(31, 65.10, 166, 23.6, 81.5, 19.9, 8.2, 29.0, '2024-02-11', 'inicial'),
(32, 83.20, 173, 27.6, 89.7, 25.6, 11.7, 31.4, '2024-03-20', 'inicial'),
(33, 60.10, 158, 24.1, 77.7, 19.2, 7.6, 32.2, '2024-01-22', 'inicial'),
(34, 90.80, 181, 27.7, 96.5, 27.2, 13.6, 35.3, '2024-03-11', 'inicial'),
(35, 68.40, 165, 25.1, 87.1, 22.3, 9.9, 29.7, '2024-02-18', 'inicial'),
(36, 80.50, 177, 25.7, 89.2, 23.0, 10.7, 33.3, '2024-01-15', 'inicial'),
(37, 74.10, 172, 25.1, 85.3, 21.6, 9.4, 31.2, '2024-03-18', 'inicial'),
(38, 62.70, 161, 24.2, 79.3, 20.0, 8.5, 32.5, '2024-02-22', 'inicial'),
(39, 86.80, 184, 25.6, 93.8, 25.9, 12.5, 34.6, '2024-01-13', 'inicial'),
(40, 96.60, 181, 29.4, 102.9, 30.3, 15.2, 36.8, '2024-03-27', 'inicial'),
(41, 66.30, 167, 23.7, 83.4, 20.1, 8.1, 29.4, '2024-02-08', 'inicial'),
(42, 82.00, 174, 27.1, 90.1, 25.4, 11.8, 31.6, '2024-03-23', 'inicial'),
(43, 59.80, 157, 24.1, 78.5, 19.7, 7.4, 32.7, '2024-01-26', 'inicial'),
(44, 88.70, 183, 26.4, 95.1, 26.6, 13.1, 35.0, '2024-03-07', 'inicial'),
(45, 65.70, 163, 24.6, 86.2, 21.5, 9.6, 28.7, '2024-02-16', 'inicial'),
(46, 78.90, 177, 25.2, 87.9, 22.7, 10.9, 33.0, '2024-01-18', 'inicial'),
(47, 73.70, 170, 25.5, 84.1, 21.9, 9.8, 30.9, '2024-03-16', 'inicial'),
(48, 61.20, 160, 23.9, 79.1, 19.8, 7.9, 32.0, '2024-02-24', 'inicial'),
(49, 89.90, 182, 27.2, 96.9, 27.3, 13.5, 34.2, '2024-01-17', 'inicial'),
(50, 66.50, 165, 24.4, 84.3, 21.2, 9.7, 28.5, '2024-03-13', 'inicial'),
(51, 80.00, 178, 25.3, 88.0, 23.2, 10.8, 32.6, '2024-02-14', 'inicial'),
(52, 75.90, 175, 24.8, 86.7, 22.0, 9.9, 31.7, '2024-01-21', 'inicial'),
(53, 63.30, 161, 24.4, 80.5, 20.2, 8.7, 32.4, '2024-03-21', 'inicial'),
(54, 84.50, 179, 26.3, 92.2, 24.6, 12.2, 34.0, '2024-02-20', 'inicial'),
(55, 58.60, 158, 23.5, 77.8, 19.5, 7.8, 31.3, '2024-01-25', 'inicial'),
(56, 91.50, 185, 26.7, 98.3, 28.2, 14.2, 35.8, '2024-03-06', 'inicial'),
(57, 68.10, 166, 24.7, 87.4, 22.5, 9.9, 29.2, '2024-02-19', 'inicial'),
(58, 79.10, 176, 25.5, 89.6, 23.3, 11.0, 32.1, '2024-01-24', 'inicial'),
(59, 74.50, 173, 24.9, 85.8, 21.8, 9.5, 31.9, '2024-03-24', 'inicial'),
(60, 62.90, 160, 24.6, 81.2, 20.5, 8.8, 32.3, '2024-02-25', 'inicial'),
(1, 75.25, 180, 23.2, 85.0, 18.5, 9.4, 34.7, '2024-01-10', 'final'),
(2, 68.50, 165, 25.1, 92.3, 22.4, 10.2, 29.5, '2024-02-12', 'final'),
(3, 80.10, 175, 26.1, 88.5, 25.7, 12.3, 31.1, '2024-03-15', 'final'),
(4, 55.90, 155, 23.3, 76.0, 19.0, 7.8, 32.4, '2024-01-20', 'final'),
(5, 92.70, 185, 27.1, 99.5, 28.6, 14.9, 36.5, '2024-03-10', 'final'),
(6, 69.30, 172, 23.4, 84.0, 21.2, 8.3, 28.9, '2024-02-17', 'final'),
(7, 77.80, 168, 27.5, 91.2, 26.3, 13.0, 30.1, '2024-03-22', 'final'),
(8, 62.40, 160, 24.3, 79.8, 20.1, 9.1, 31.5, '2024-02-05', 'final'),
(9, 85.60, 178, 27.0, 90.7, 24.8, 12.7, 33.2, '2024-03-29', 'final'),
(10, 95.20, 182, 28.8, 102.1, 29.7, 15.4, 35.7, '2024-01-11', 'final'),
(11, 71.50, 169, 25.0, 88.3, 23.1, 10.5, 28.6, '2024-02-09', 'final'),
(12, 82.70, 176, 26.6, 89.5, 25.5, 11.9, 30.0, '2024-03-17', 'final'),
(13, 58.90, 157, 23.9, 78.0, 19.3, 7.5, 33.4, '2024-01-27', 'final'),
(14, 90.10, 183, 26.9, 98.2, 27.8, 14.6, 34.9, '2024-03-05', 'final'),
(15, 67.70, 163, 25.5, 86.4, 22.9, 9.8, 29.1, '2024-02-15', 'final'),
(16, 78.50, 179, 24.4, 85.6, 21.8, 10.1, 32.8, '2024-01-19', 'final'),
(17, 72.30, 175, 23.6, 83.9, 20.7, 9.0, 30.5, '2024-03-12', 'final'),
(18, 61.40, 162, 23.4, 79.2, 18.9, 8.0, 31.9, '2024-02-23', 'final'),
(19, 88.20, 184, 26.0, 97.5, 26.4, 13.7, 35.2, '2024-01-14', 'final'),
(20, 93.10, 180, 28.7, 100.9, 29.3, 14.8, 33.0, '2024-03-25', 'final'),
(21, 64.50, 167, 23.1, 82.0, 19.6, 8.4, 28.3, '2024-02-13', 'final'),
(22, 81.20, 174, 26.8, 88.9, 25.3, 11.4, 30.7, '2024-03-19', 'final'),
(23, 59.30, 160, 23.2, 77.5, 19.1, 7.3, 33.6, '2024-01-23', 'final'),
(24, 89.40, 182, 27.0, 95.8, 27.0, 13.4, 34.5, '2024-03-09', 'final'),
(25, 66.90, 164, 24.8, 85.7, 21.7, 9.5, 28.4, '2024-02-10', 'final'),
(26, 79.80, 178, 25.2, 87.2, 22.5, 10.6, 32.9, '2024-01-16', 'final'),
(27, 73.10, 171, 25.0, 84.6, 21.4, 9.7, 30.3, '2024-03-14', 'final'),
(28, 60.70, 159, 23.9, 78.9, 19.4, 7.7, 31.8, '2024-02-21', 'final'),
(29, 87.50, 183, 26.1, 94.3, 26.1, 12.8, 34.7, '2024-01-12', 'final'),
(30, 94.30, 179, 29.4, 101.7, 30.0, 15.1, 36.2, '2024-03-26', 'final'),
(31, 65.10, 166, 23.6, 81.5, 19.9, 8.2, 29.0, '2024-02-11', 'final'),
(32, 83.20, 173, 27.6, 89.7, 25.6, 11.7, 31.4, '2024-03-20', 'final'),
(33, 60.10, 158, 24.1, 77.7, 19.2, 7.6, 32.2, '2024-01-22', 'final'),
(34, 90.80, 181, 27.7, 96.5, 27.2, 13.6, 35.3, '2024-03-11', 'final'),
(35, 68.40, 165, 25.1, 87.1, 22.3, 9.9, 29.7, '2024-02-18', 'final'),
(36, 80.50, 177, 25.7, 89.2, 23.0, 10.7, 33.3, '2024-01-15', 'final'),
(37, 74.10, 172, 25.1, 85.3, 21.6, 9.4, 31.2, '2024-03-18', 'final'),
(38, 62.70, 161, 24.2, 79.3, 20.0, 8.5, 32.5, '2024-02-22', 'final'),
(39, 86.80, 184, 25.6, 93.8, 25.9, 12.5, 34.6, '2024-01-13', 'final'),
(40, 96.60, 181, 29.4, 102.9, 30.3, 15.2, 36.8, '2024-03-27', 'final'),
(41, 66.30, 167, 23.7, 83.4, 20.1, 8.1, 29.4, '2024-02-08', 'final'),
(42, 82.00, 174, 27.1, 90.1, 25.4, 11.8, 31.6, '2024-03-23', 'final'),
(43, 59.80, 157, 24.1, 78.5, 19.7, 7.4, 32.7, '2024-01-26', 'final'),
(44, 88.70, 183, 26.4, 95.1, 26.6, 13.1, 35.0, '2024-03-07', 'final'),
(45, 65.70, 163, 24.6, 86.2, 21.5, 9.6, 28.7, '2024-02-16', 'final'),
(46, 78.90, 177, 25.2, 87.9, 22.7, 10.9, 33.0, '2024-01-18', 'final'),
(47, 73.70, 170, 25.5, 84.1, 21.9, 9.8, 30.9, '2024-03-16', 'final'),
(48, 61.20, 160, 23.9, 79.1, 19.8, 7.9, 32.0, '2024-02-24', 'final'),
(49, 89.90, 182, 27.2, 96.9, 27.3, 13.5, 34.2, '2024-01-17', 'final'),
(50, 66.50, 165, 24.4, 84.3, 21.2, 9.7, 28.5, '2024-03-13', 'final'),
(51, 80.00, 178, 25.3, 88.0, 23.2, 10.8, 32.6, '2024-02-14', 'final'),
(52, 75.90, 175, 24.8, 86.7, 22.0, 9.9, 31.7, '2024-01-21', 'final'),
(53, 63.30, 161, 24.4, 80.5, 20.2, 8.7, 32.4, '2024-03-21', 'final'),
(54, 84.50, 179, 26.3, 92.2, 24.6, 12.2, 34.0, '2024-02-20', 'final'),
(55, 58.60, 158, 23.5, 77.8, 19.5, 7.8, 31.3, '2024-01-25', 'final'),
(56, 91.50, 185, 26.7, 98.3, 28.2, 14.2, 35.8, '2024-03-06', 'final'),
(57, 68.10, 166, 24.7, 87.4, 22.5, 9.9, 29.2, '2024-02-19', 'final'),
(58, 79.10, 176, 25.5, 89.6, 23.3, 11.0, 32.1, '2024-01-24', 'final'),
(59, 74.50, 173, 24.9, 85.8, 21.8, 9.5, 31.9, '2024-03-24', 'final'),
(60, 62.90, 160, 24.6, 81.2, 20.5, 8.8, 32.3, '2024-02-25', 'final');

INSERT INTO health_testruffier (usuario_id, frecuencia_cardiaca_en_reposo, frecuencia_cardiaca_despues_de_45_segundos, frecuencia_cardiaca_1_minuto_despues, resultado_test_ruffier, fecha, tipo)
VALUES
(1, 72, 120, 90, 10.5, '2024-01-15', 'inicial'),
(2, 75, 130, 95, 11.2, '2024-01-22', 'inicial'),
(3, 70, 118, 85, 9.8, '2024-02-01', 'inicial'),
(4, 68, 115, 80, 9.2, '2024-02-15', 'inicial'),
(5, 74, 125, 92, 10.9, '2024-03-10', 'inicial'),
(6, 78, 135, 100, 12.0, '2024-03-20', 'inicial'),
(7, 69, 117, 84, 9.5, '2024-04-05', 'inicial'),
(8, 73, 128, 90, 10.7, '2024-04-18', 'inicial'),
(9, 71, 120, 87, 10.0, '2024-05-01', 'inicial'),
(10, 76, 132, 94, 11.5, '2024-05-15', 'inicial'),
(11, 67, 113, 82, 9.0, '2024-06-10', 'inicial'),
(12, 79, 137, 101, 12.2, '2024-06-25', 'inicial'),
(13, 70, 119, 86, 9.9, '2024-07-05', 'inicial'),
(14, 74, 127, 91, 10.8, '2024-07-18', 'inicial'),
(15, 72, 124, 89, 10.4, '2024-08-01', 'inicial'),
(16, 75, 129, 93, 11.1, '2024-08-15', 'inicial'),
(17, 68, 116, 83, 9.3, '2024-09-01', 'inicial'),
(18, 77, 134, 98, 11.9, '2024-09-15', 'inicial'),
(19, 69, 118, 85, 9.7, '2024-10-01', 'inicial'),
(20, 73, 126, 90, 10.6, '2024-10-15', 'inicial'),
(21, 74, 125, 92, 10.9, '2024-01-10', 'inicial'),
(22, 78, 133, 99, 12.1, '2024-01-25', 'inicial'),
(23, 66, 112, 81, 8.8, '2024-02-05', 'inicial'),
(24, 72, 121, 88, 10.3, '2024-02-20', 'inicial'),
(25, 71, 122, 89, 10.1, '2024-03-05', 'inicial'),
(26, 76, 130, 96, 11.4, '2024-03-25', 'inicial'),
(27, 69, 118, 86, 9.5, '2024-04-10', 'inicial'),
(28, 75, 129, 92, 11.0, '2024-04-30', 'inicial'),
(29, 73, 126, 91, 10.6, '2024-05-10', 'inicial'),
(30, 77, 134, 97, 12.0, '2024-05-20', 'inicial'),
(31, 68, 115, 84, 9.2, '2024-06-01', 'inicial'),
(32, 74, 127, 93, 11.1, '2024-06-15', 'inicial'),
(33, 72, 123, 90, 10.4, '2024-07-01', 'inicial'),
(34, 78, 132, 95, 11.7, '2024-07-10', 'inicial'),
(35, 70, 120, 88, 10.0, '2024-08-05', 'inicial'),
(36, 76, 131, 94, 11.3, '2024-08-15', 'inicial'),
(37, 69, 118, 87, 9.9, '2024-09-05', 'inicial'),
(38, 75, 129, 90, 10.5, '2024-09-20', 'inicial'),
(39, 71, 124, 89, 10.2, '2024-10-05', 'inicial'),
(40, 73, 126, 91, 10.7, '2024-10-15', 'inicial'),
(41, 72, 122, 88, 10.1, '2024-01-10', 'inicial'),
(42, 74, 128, 93, 11.1, '2024-01-25', 'inicial'),
(43, 68, 116, 85, 9.4, '2024-02-05', 'inicial'),
(44, 76, 130, 92, 11.5, '2024-02-20', 'inicial'),
(45, 70, 119, 89, 10.2, '2024-03-05', 'inicial'),
(46, 79, 134, 97, 12.1, '2024-03-25', 'inicial'),
(47, 67, 115, 83, 9.3, '2024-04-10', 'inicial'),
(48, 75, 126, 90, 10.6, '2024-04-30', 'inicial'),
(49, 73, 124, 88, 10.0, '2024-05-10', 'inicial'),
(50, 78, 130, 95, 11.8, '2024-05-20', 'inicial'),
(51, 71, 121, 86, 10.3, '2024-06-01', 'inicial'),
(52, 74, 129, 92, 11.1, '2024-06-15', 'inicial'),
(53, 70, 119, 87, 10.5, '2024-07-01', 'inicial'),
(54, 76, 132, 94, 11.4, '2024-07-10', 'inicial'),
(55, 68, 115, 83, 9.4, '2024-08-05', 'inicial'),
(56, 75, 128, 91, 10.8, '2024-08-15', 'inicial'),
(57, 72, 120, 88, 10.0, '2024-09-05', 'inicial'),
(58, 78, 134, 95, 11.9, '2024-09-20', 'inicial'),
(59, 69, 116, 84, 9.1, '2024-10-01', 'inicial'),
(60, 74, 130, 90, 11.2, '2024-10-15', 'inicial'),
(1, 72, 120, 90, 10.5, '2024-01-15', 'final'),
(2, 75, 130, 95, 11.2, '2024-01-22', 'final'),
(3, 70, 118, 85, 9.8, '2024-02-01', 'final'),
(4, 68, 115, 80, 9.2, '2024-02-15', 'final'),
(5, 74, 125, 92, 10.9, '2024-03-10', 'final'),
(6, 78, 135, 100, 12.0, '2024-03-20', 'final'),
(7, 69, 117, 84, 9.5, '2024-04-05', 'final'),
(8, 73, 128, 90, 10.7, '2024-04-18', 'final'),
(9, 71, 120, 87, 10.0, '2024-05-01', 'final'),
(10, 76, 132, 94, 11.5, '2024-05-15', 'final'),
(11, 67, 113, 82, 9.0, '2024-06-10', 'final'),
(12, 79, 137, 101, 12.2, '2024-06-25', 'final'),
(13, 70, 119, 86, 9.9, '2024-07-05', 'final'),
(14, 74, 127, 91, 10.8, '2024-07-18', 'final'),
(15, 72, 124, 89, 10.4, '2024-08-01', 'final'),
(16, 75, 129, 93, 11.1, '2024-08-15', 'final'),
(17, 68, 116, 83, 9.3, '2024-09-01', 'final'),
(18, 77, 134, 98, 11.9, '2024-09-15', 'final'),
(19, 69, 118, 85, 9.7, '2024-10-01', 'final'),
(20, 73, 126, 90, 10.6, '2024-10-15', 'final'),
(21, 74, 125, 92, 10.9, '2024-01-10', 'final'),
(22, 78, 133, 99, 12.1, '2024-01-25', 'final'),
(23, 66, 112, 81, 8.8, '2024-02-05', 'final'),
(24, 72, 121, 88, 10.3, '2024-02-20', 'final'),
(25, 71, 122, 89, 10.1, '2024-03-05', 'final'),
(26, 76, 130, 96, 11.4, '2024-03-25', 'final'),
(27, 69, 118, 86, 9.5, '2024-04-10', 'final'),
(28, 75, 129, 92, 11.0, '2024-04-30', 'final'),
(29, 73, 126, 91, 10.6, '2024-05-10', 'final'),
(30, 77, 134, 97, 12.0, '2024-05-20', 'final'),
(31, 68, 115, 84, 9.2, '2024-06-01', 'final'),
(32, 74, 127, 93, 11.1, '2024-06-15', 'final'),
(33, 72, 123, 90, 10.4, '2024-07-01', 'final'),
(34, 78, 132, 95, 11.7, '2024-07-10', 'final'),
(35, 70, 120, 88, 10.0, '2024-08-05', 'final'),
(36, 76, 131, 94, 11.3, '2024-08-15', 'final'),
(37, 69, 118, 87, 9.9, '2024-09-05', 'final'),
(38, 75, 129, 90, 10.5, '2024-09-20', 'final'),
(39, 71, 124, 89, 10.2, '2024-10-05', 'final'),
(40, 73, 126, 91, 10.7, '2024-10-15', 'final'),
(41, 72, 122, 88, 10.1, '2024-01-10', 'final'),
(42, 74, 128, 93, 11.1, '2024-01-25', 'final'),
(43, 68, 116, 85, 9.4, '2024-02-05', 'final'),
(44, 76, 130, 92, 11.5, '2024-02-20', 'final'),
(45, 70, 119, 89, 10.2, '2024-03-05', 'final'),
(46, 79, 134, 97, 12.1, '2024-03-25', 'final'),
(47, 67, 115, 83, 9.3, '2024-04-10', 'final'),
(48, 75, 126, 90, 10.6, '2024-04-30', 'final'),
(49, 73, 124, 88, 10.0, '2024-05-10', 'final'),
(50, 78, 130, 95, 11.8, '2024-05-20', 'final'),
(51, 71, 121, 86, 10.3, '2024-06-01', 'final'),
(52, 74, 129, 92, 11.1, '2024-06-15', 'final'),
(53, 70, 119, 87, 10.5, '2024-07-01', 'final'),
(54, 76, 132, 94, 11.4, '2024-07-10', 'final'),
(55, 68, 115, 83, 9.4, '2024-08-05', 'final'),
(56, 75, 128, 91, 10.8, '2024-08-15', 'final'),
(57, 72, 120, 88, 10.0, '2024-09-05', 'final'),
(58, 78, 134, 95, 11.9, '2024-09-20', 'final'),
(59, 69, 116, 84, 9.1, '2024-10-01', 'final'),
(60, 74, 130, 90, 11.2, '2024-10-15', 'final');


INSERT INTO habits_datoshabitosagua (
    usuario_id, 
    bebo_solo_agua_pura, 
    bebo_8_vasos_agua, 
    bebidas_con_azucar, 
    bebo_agua_al_despertar, 
    bebo_agua_antes_comidas, 
    bebo_agua_para_dormir, 
    fecha, 
    tipo) 
VALUES
(1, 3, 4, 2, 5, 1, 2, '2024-09-01', 'inicial'),
(2, 2, 5, 1, 4, 3, 2, '2024-09-02', 'inicial'),
(3, 4, 2, 5, 3, 1, 4, '2024-09-03', 'inicial'),
(4, 5, 1, 3, 2, 4, 1, '2024-09-04', 'inicial'),
(5, 2, 3, 4, 5, 1, 3, '2024-09-05', 'inicial'),
(6, 1, 2, 5, 3, 4, 2, '2024-09-06', 'inicial'),
(7, 4, 5, 3, 2, 1, 5, '2024-09-07', 'inicial'),
(8, 3, 1, 4, 5, 2, 3, '2024-09-08', 'inicial'),
(9, 5, 4, 1, 3, 2, 4, '2024-09-09', 'inicial'),
(10, 2, 3, 5, 1, 4, 1, '2024-09-10', 'inicial'),
(11, 4, 5, 2, 3, 1, 5, '2024-09-11', 'inicial'),
(12, 1, 2, 4, 5, 3, 2, '2024-09-12', 'inicial'),
(13, 3, 4, 5, 2, 1, 3, '2024-09-13', 'inicial'),
(14, 5, 3, 1, 4, 2, 4, '2024-09-14', 'inicial'),
(15, 2, 5, 4, 1, 3, 5, '2024-09-15', 'inicial'),
(16, 4, 1, 3, 2, 5, 2, '2024-09-16', 'inicial'),
(17, 1, 3, 2, 5, 4, 1, '2024-09-17', 'inicial'),
(18, 3, 5, 4, 2, 1, 3, '2024-09-18', 'inicial'),
(19, 5, 2, 1, 4, 3, 2, '2024-09-19', 'inicial'),
(20, 2, 4, 3, 1, 5, 4, '2024-09-20', 'inicial'),
(21, 4, 1, 5, 3, 2, 1, '2024-09-21', 'inicial'),
(22, 1, 5, 2, 4, 3, 5, '2024-09-22', 'inicial'),
(23, 3, 2, 4, 5, 1, 3, '2024-09-23', 'inicial'),
(24, 5, 3, 1, 2, 4, 2, '2024-09-24', 'inicial'),
(25, 2, 4, 5, 1, 3, 4, '2024-09-25', 'inicial'),
(26, 4, 1, 2, 5, 2, 5, '2024-09-26', 'inicial'),
(27, 1, 3, 4, 3, 5, 1, '2024-09-27', 'inicial'),
(28, 3, 5, 2, 4, 1, 3, '2024-09-28', 'inicial'),
(29, 5, 2, 3, 1, 4, 5, '2024-09-29', 'inicial'),
(30, 2, 4, 1, 5, 3, 2, '2024-09-30', 'inicial'),
(31, 4, 5, 2, 3, 1, 4, '2024-10-01', 'inicial'),
(32, 1, 2, 5, 4, 3, 1, '2024-10-02', 'inicial'),
(33, 3, 4, 1, 5, 2, 3, '2024-10-03', 'inicial'),
(34, 5, 1, 4, 2, 3, 5, '2024-10-04', 'inicial'),
(35, 2, 3, 5, 1, 4, 2, '2024-10-05', 'inicial'),
(36, 4, 2, 3, 5, 1, 4, '2024-10-06', 'inicial'),
(37, 1, 4, 5, 3, 2, 1, '2024-10-07', 'inicial'),
(38, 3, 1, 2, 5, 4, 5, '2024-10-08', 'inicial'),
(39, 5, 2, 4, 1, 3, 2, '2024-10-09', 'inicial'),
(40, 2, 5, 1, 3, 4, 3, '2024-10-10', 'inicial'),
(41, 4, 3, 5, 2, 1, 4, '2024-10-11', 'inicial'),
(42, 1, 2, 4, 5, 3, 5, '2024-10-12', 'inicial'),
(43, 3, 4, 1, 2, 5, 2, '2024-10-13', 'inicial'),
(44, 5, 1, 3, 4, 2, 4, '2024-10-14', 'inicial'),
(45, 2, 3, 5, 1, 4, 1, '2024-10-15', 'inicial'),
(46, 4, 5, 2, 3, 1, 5, '2024-10-16', 'inicial'),
(47, 1, 2, 4, 5, 3, 2, '2024-10-17', 'inicial'),
(48, 3, 4, 5, 2, 1, 3, '2024-10-18', 'inicial'),
(49, 5, 3, 1, 4, 2, 5, '2024-10-19', 'inicial'),
(50, 2, 5, 3, 1, 4, 2, '2024-10-20', 'inicial'),
(51, 4, 1, 5, 2, 3, 4, '2024-10-21', 'inicial'),
(52, 1, 2, 4, 3, 5, 1, '2024-10-22', 'inicial'),
(53, 3, 5, 2, 4, 1, 3, '2024-10-23', 'inicial'),
(54, 5, 3, 4, 1, 2, 5, '2024-10-24', 'inicial'),
(55, 2, 4, 1, 5, 3, 2, '2024-10-25', 'inicial'),
(56, 4, 5, 3, 2, 1, 4, '2024-10-26', 'inicial'),
(57, 1, 2, 5, 4, 3, 5, '2024-10-27', 'inicial'),
(58, 3, 4, 1, 5, 2, 2, '2024-10-28', 'inicial'),
(59, 5, 1, 3, 4, 2, 4, '2024-10-29', 'inicial'),
(60, 2, 3, 5, 1, 4, 1, '2024-10-30', 'inicial'),
(1, 3, 4, 2, 5, 1, 2, '2024-09-01', 'final'),
(2, 2, 5, 1, 4, 3, 2, '2024-09-02', 'final'),
(3, 4, 2, 5, 3, 1, 4, '2024-09-03', 'final'),
(4, 5, 1, 3, 2, 4, 1, '2024-09-04', 'final'),
(5, 2, 3, 4, 5, 1, 3, '2024-09-05', 'final'),
(6, 1, 2, 5, 3, 4, 2, '2024-09-06', 'final'),
(7, 4, 5, 3, 2, 1, 5, '2024-09-07', 'final'),
(8, 3, 1, 4, 5, 2, 3, '2024-09-08', 'final'),
(9, 5, 4, 1, 3, 2, 4, '2024-09-09', 'final'),
(10, 2, 3, 5, 1, 4, 1, '2024-09-10', 'final'),
(11, 4, 5, 2, 3, 1, 5, '2024-09-11', 'final'),
(12, 1, 2, 4, 5, 3, 2, '2024-09-12', 'final'),
(13, 3, 4, 5, 2, 1, 3, '2024-09-13', 'final'),
(14, 5, 3, 1, 4, 2, 4, '2024-09-14', 'final'),
(15, 2, 5, 4, 1, 3, 5, '2024-09-15', 'final'),
(16, 4, 1, 3, 2, 5, 2, '2024-09-16', 'final'),
(17, 1, 3, 2, 5, 4, 1, '2024-09-17', 'final'),
(18, 3, 5, 4, 2, 1, 3, '2024-09-18', 'final'),
(19, 5, 2, 1, 4, 3, 2, '2024-09-19', 'final'),
(20, 2, 4, 3, 1, 5, 4, '2024-09-20', 'final'),
(21, 4, 1, 5, 3, 2, 1, '2024-09-21', 'final'),
(22, 1, 5, 2, 4, 3, 5, '2024-09-22', 'final'),
(23, 3, 2, 4, 5, 1, 3, '2024-09-23', 'final'),
(24, 5, 3, 1, 2, 4, 2, '2024-09-24', 'final'),
(25, 2, 4, 5, 1, 3, 4, '2024-09-25', 'final'),
(26, 4, 1, 2, 5, 2, 5, '2024-09-26', 'final'),
(27, 1, 3, 4, 3, 5, 1, '2024-09-27', 'final'),
(28, 3, 5, 2, 4, 1, 3, '2024-09-28', 'final'),
(29, 5, 2, 3, 1, 4, 5, '2024-09-29', 'final'),
(30, 2, 4, 1, 5, 3, 2, '2024-09-30', 'final'),
(31, 4, 5, 2, 3, 1, 4, '2024-10-01', 'final'),
(32, 1, 2, 5, 4, 3, 1, '2024-10-02', 'final'),
(33, 3, 4, 1, 5, 2, 3, '2024-10-03', 'final'),
(34, 5, 1, 4, 2, 3, 5, '2024-10-04', 'final'),
(35, 2, 3, 5, 1, 4, 2, '2024-10-05', 'final'),
(36, 4, 2, 3, 5, 1, 4, '2024-10-06', 'final'),
(37, 1, 4, 5, 3, 2, 1, '2024-10-07', 'final'),
(38, 3, 1, 2, 5, 4, 5, '2024-10-08', 'final'),
(39, 5, 2, 4, 1, 3, 2, '2024-10-09', 'final'),
(40, 2, 5, 1, 3, 4, 3, '2024-10-10', 'final'),
(41, 4, 3, 5, 2, 1, 4, '2024-10-11', 'final'),
(42, 1, 2, 4, 5, 3, 5, '2024-10-12', 'final'),
(43, 3, 4, 1, 2, 5, 2, '2024-10-13', 'final'),
(44, 5, 1, 3, 4, 2, 4, '2024-10-14', 'final'),
(45, 2, 3, 5, 1, 4, 1, '2024-10-15', 'final'),
(46, 4, 5, 2, 3, 1, 5, '2024-10-16', 'final'),
(47, 1, 2, 4, 5, 3, 2, '2024-10-17', 'final'),
(48, 3, 4, 5, 2, 1, 3, '2024-10-18', 'final'),
(49, 5, 3, 1, 4, 2, 5, '2024-10-19', 'final'),
(50, 2, 5, 3, 1, 4, 2, '2024-10-20', 'final'),
(51, 4, 1, 5, 2, 3, 4, '2024-10-21', 'final'),
(52, 1, 2, 4, 3, 5, 1, '2024-10-22', 'final'),
(53, 3, 5, 2, 4, 1, 3, '2024-10-23', 'final'),
(54, 5, 3, 4, 1, 2, 5, '2024-10-24', 'final'),
(55, 2, 4, 1, 5, 3, 2, '2024-10-25', 'final'),
(56, 4, 5, 3, 2, 1, 4, '2024-10-26', 'final'),
(57, 1, 2, 5, 4, 3, 5, '2024-10-27', 'final'),
(58, 3, 4, 1, 5, 2, 2, '2024-10-28', 'final'),
(59, 5, 1, 3, 4, 2, 4, '2024-10-29', 'final'),
(60, 2, 3, 5, 1, 4, 1, '2024-10-30', 'final');


INSERT INTO habits_datoshabitosaire (
    usuario_id, 
    tecnica_respiraciones_profundas, 
    tiempo_tecnica_respiraciones, 
    horario_tecnica_respiraciones_manana, 
    horario_tecnica_respiraciones_noche, 
    fecha, 
    tipo)
VALUES
(1, 3, 5, 1, 4, '2024-09-01', 'inicial'),
(2, 2, 3, 4, 5, '2024-09-02', 'inicial'),
(3, 5, 4, 2, 1, '2024-09-03', 'inicial'),
(4, 4, 2, 3, 5, '2024-09-04', 'inicial'),
(5, 1, 5, 4, 2, '2024-09-05', 'inicial'),
(6, 3, 1, 5, 4, '2024-09-06', 'inicial'),
(7, 2, 4, 3, 1, '2024-09-07', 'inicial'),
(8, 5, 3, 2, 4, '2024-09-08', 'inicial'),
(9, 4, 2, 5, 3, '2024-09-09', 'inicial'),
(10, 1, 4, 1, 5, '2024-09-10', 'inicial'),
(11, 3, 5, 4, 2, '2024-09-11', 'inicial'),
(12, 2, 1, 5, 3, '2024-09-12', 'inicial'),
(13, 5, 4, 3, 2, '2024-09-13', 'inicial'),
(14, 4, 5, 1, 4, '2024-09-14', 'inicial'),
(15, 1, 2, 4, 5, '2024-09-15', 'inicial'),
(16, 3, 4, 2, 1, '2024-09-16', 'inicial'),
(17, 2, 5, 3, 4, '2024-09-17', 'inicial'),
(18, 5, 3, 1, 5, '2024-09-18', 'inicial'),
(19, 4, 2, 5, 2, '2024-09-19', 'inicial'),
(20, 1, 4, 3, 1, '2024-09-20', 'inicial'),
(21, 3, 1, 5, 4, '2024-09-21', 'inicial'),
(22, 2, 5, 4, 2, '2024-09-22', 'inicial'),
(23, 5, 3, 2, 5, '2024-09-23', 'inicial'),
(24, 4, 1, 4, 3, '2024-09-24', 'inicial'),
(25, 1, 5, 3, 1, '2024-09-25', 'inicial'),
(26, 3, 2, 5, 4, '2024-09-26', 'inicial'),
(27, 2, 4, 1, 5, '2024-09-27', 'inicial'),
(28, 5, 3, 2, 4, '2024-09-28', 'inicial'),
(29, 4, 5, 4, 3, '2024-09-29', 'inicial'),
(30, 1, 2, 5, 1, '2024-09-30', 'inicial'),
(31, 3, 1, 4, 5, '2024-10-01', 'inicial'),
(32, 2, 5, 1, 3, '2024-10-02', 'inicial'),
(33, 5, 4, 2, 4, '2024-10-03', 'inicial'),
(34, 4, 3, 5, 2, '2024-10-04', 'inicial'),
(35, 1, 5, 3, 1, '2024-10-05', 'inicial'),
(36, 3, 2, 5, 4, '2024-10-06', 'inicial'),
(37, 2, 4, 1, 5, '2024-10-07', 'inicial'),
(38, 5, 3, 4, 3, '2024-10-08', 'inicial'),
(39, 4, 2, 5, 1, '2024-10-09', 'inicial'),
(40, 1, 5, 3, 2, '2024-10-10', 'inicial'),
(41, 3, 4, 2, 5, '2024-10-11', 'inicial'),
(42, 2, 1, 5, 4, '2024-10-12', 'inicial'),
(43, 5, 3, 4, 2, '2024-10-13', 'inicial'),
(44, 4, 5, 1, 5, '2024-10-14', 'inicial'),
(45, 1, 2, 5, 1, '2024-10-15', 'inicial'),
(46, 3, 4, 2, 3, '2024-10-16', 'inicial'),
(47, 2, 5, 4, 5, '2024-10-17', 'inicial'),
(48, 5, 1, 3, 2, '2024-10-18', 'inicial'),
(49, 4, 3, 5, 4, '2024-10-19', 'inicial'),
(50, 1, 5, 4, 1, '2024-10-20', 'inicial'),
(51, 3, 2, 5, 3, '2024-10-21', 'inicial'),
(52, 2, 4, 1, 5, '2024-10-22', 'inicial'),
(53, 5, 3, 2, 4, '2024-10-23', 'inicial'),
(54, 4, 5, 4, 3, '2024-10-24', 'inicial'),
(55, 1, 2, 5, 1, '2024-10-25', 'inicial'),
(56, 3, 4, 1, 5, '2024-10-26', 'inicial'),
(57, 2, 5, 3, 2, '2024-10-27', 'inicial'),
(58, 5, 1, 5, 4, '2024-10-28', 'inicial'),
(59, 4, 2, 4, 3, '2024-10-29', 'inicial'),
(60, 1, 4, 3, 2, '2024-10-30', 'inicial'),
(1, 3, 5, 1, 4, '2024-09-01', 'final'),
(2, 2, 3, 4, 5, '2024-09-02', 'final'),
(3, 5, 4, 2, 1, '2024-09-03', 'final'),
(4, 4, 2, 3, 5, '2024-09-04', 'final'),
(5, 1, 5, 4, 2, '2024-09-05', 'final'),
(6, 3, 1, 5, 4, '2024-09-06', 'final'),
(7, 2, 4, 3, 1, '2024-09-07', 'final'),
(8, 5, 3, 2, 4, '2024-09-08', 'final'),
(9, 4, 2, 5, 3, '2024-09-09', 'final'),
(10, 1, 4, 1, 5, '2024-09-10', 'final'),
(11, 3, 5, 4, 2, '2024-09-11', 'final'),
(12, 2, 1, 5, 3, '2024-09-12', 'final'),
(13, 5, 4, 3, 2, '2024-09-13', 'final'),
(14, 4, 5, 1, 4, '2024-09-14', 'final'),
(15, 1, 2, 4, 5, '2024-09-15', 'final'),
(16, 3, 4, 2, 1, '2024-09-16', 'final'),
(17, 2, 5, 3, 4, '2024-09-17', 'final'),
(18, 5, 3, 1, 5, '2024-09-18', 'final'),
(19, 4, 2, 5, 2, '2024-09-19', 'final'),
(20, 1, 4, 3, 1, '2024-09-20', 'final'),
(21, 3, 1, 5, 4, '2024-09-21', 'final'),
(22, 2, 5, 4, 2, '2024-09-22', 'final'),
(23, 5, 3, 2, 5, '2024-09-23', 'final'),
(24, 4, 1, 4, 3, '2024-09-24', 'final'),
(25, 1, 5, 3, 1, '2024-09-25', 'final'),
(26, 3, 2, 5, 4, '2024-09-26', 'final'),
(27, 2, 4, 1, 5, '2024-09-27', 'final'),
(28, 5, 3, 2, 4, '2024-09-28', 'final'),
(29, 4, 5, 4, 3, '2024-09-29', 'final'),
(30, 1, 2, 5, 1, '2024-09-30', 'final'),
(31, 3, 1, 4, 5, '2024-10-01', 'final'),
(32, 2, 5, 1, 3, '2024-10-02', 'final'),
(33, 5, 4, 2, 4, '2024-10-03', 'final'),
(34, 4, 3, 5, 2, '2024-10-04', 'final'),
(35, 1, 5, 3, 1, '2024-10-05', 'final'),
(36, 3, 2, 5, 4, '2024-10-06', 'final'),
(37, 2, 4, 1, 5, '2024-10-07', 'final'),
(38, 5, 3, 4, 3, '2024-10-08', 'final'),
(39, 4, 2, 5, 1, '2024-10-09', 'final'),
(40, 1, 5, 3, 2, '2024-10-10', 'final'),
(41, 3, 4, 2, 5, '2024-10-11', 'final'),
(42, 2, 1, 5, 4, '2024-10-12', 'final'),
(43, 5, 3, 4, 2, '2024-10-13', 'final'),
(44, 4, 5, 1, 5, '2024-10-14', 'final'),
(45, 1, 2, 5, 1, '2024-10-15', 'final'),
(46, 3, 4, 2, 3, '2024-10-16', 'final'),
(47, 2, 5, 4, 5, '2024-10-17', 'final'),
(48, 5, 1, 3, 2, '2024-10-18', 'final'),
(49, 4, 3, 5, 4, '2024-10-19', 'final'),
(50, 1, 5, 4, 1, '2024-10-20', 'final'),
(51, 3, 2, 5, 3, '2024-10-21', 'final'),
(52, 2, 4, 1, 5, '2024-10-22', 'final'),
(53, 5, 3, 2, 4, '2024-10-23', 'final'),
(54, 4, 5, 4, 3, '2024-10-24', 'final'),
(55, 1, 2, 5, 1, '2024-10-25', 'final'),
(56, 3, 4, 1, 5, '2024-10-26', 'final'),
(57, 2, 5, 3, 2, '2024-10-27', 'final'),
(58, 5, 1, 5, 4, '2024-10-28', 'final'),
(59, 4, 2, 4, 3, '2024-10-29', 'final'),
(60, 1, 4, 3, 2, '2024-10-30', 'final');

INSERT INTO habits_datoshabitosalimentacion (
    usuario_id, 
    consumo_3_comidas_horario_fijo, 
    consumo_5_porciones_frutas_verduras, 
    consumo_3_porciones_proteinas, 
    ingiero_otros_alimentos, 
    consumo_carbohidratos, 
    consumo_alimentos_fritos, 
    consumo_alimentos_hechos_en_casa, 
    consumo_liquidos_mientras_como, 
    fecha, 
    tipo)
VALUES
(1, 4, 2, 5, 1, 3, 4, 2, 1, '2024-09-01', 'inicial'),
(2, 3, 5, 2, 4, 1, 5, 3, 2, '2024-09-02', 'inicial'),
(3, 2, 4, 3, 5, 4, 2, 1, 3, '2024-09-03', 'inicial'),
(4, 1, 3, 4, 2, 5, 3, 4, 5, '2024-09-04', 'inicial'),
(5, 5, 2, 1, 3, 2, 4, 5, 3, '2024-09-05', 'inicial'),
(6, 4, 1, 3, 5, 3, 5, 2, 4, '2024-09-06', 'inicial'),
(7, 3, 4, 2, 1, 5, 1, 3, 5, '2024-09-07', 'inicial'),
(8, 5, 3, 5, 4, 2, 2, 4, 2, '2024-09-08', 'inicial'),
(9, 2, 1, 3, 5, 3, 4, 5, 1, '2024-09-09', 'inicial'),
(10, 1, 5, 4, 3, 4, 1, 2, 3, '2024-09-10', 'inicial'),
(11, 4, 3, 1, 5, 2, 3, 4, 5, '2024-09-11', 'inicial'),
(12, 5, 2, 3, 1, 5, 4, 1, 3, '2024-09-12', 'inicial'),
(13, 3, 1, 4, 5, 4, 2, 5, 4, '2024-09-13', 'inicial'),
(14, 2, 4, 2, 3, 1, 5, 4, 2, '2024-09-14', 'inicial'),
(15, 1, 5, 5, 2, 3, 4, 3, 5, '2024-09-15', 'inicial'),
(16, 5, 3, 4, 1, 2, 1, 2, 3, '2024-09-16', 'inicial'),
(17, 4, 1, 3, 5, 4, 3, 5, 4, '2024-09-17', 'inicial'),
(18, 3, 4, 1, 3, 5, 2, 1, 5, '2024-09-18', 'inicial'),
(19, 2, 3, 5, 4, 2, 4, 3, 1, '2024-09-19', 'inicial'),
(20, 1, 2, 4, 5, 3, 5, 2, 4, '2024-09-20', 'inicial'),
(21, 5, 4, 3, 1, 5, 1, 3, 2, '2024-09-21', 'inicial'),
(22, 4, 5, 1, 4, 2, 3, 5, 3, '2024-09-22', 'inicial'),
(23, 3, 1, 5, 2, 4, 4, 1, 5, '2024-09-23', 'inicial'),
(24, 2, 3, 2, 5, 1, 5, 4, 2, '2024-09-24', 'inicial'),
(25, 1, 5, 4, 3, 2, 3, 1, 5, '2024-09-25', 'inicial'),
(26, 5, 2, 1, 4, 3, 5, 3, 1, '2024-09-26', 'inicial'),
(27, 4, 3, 5, 2, 5, 1, 2, 4, '2024-09-27', 'inicial'),
(28, 3, 1, 4, 5, 2, 4, 5, 3, '2024-09-28', 'inicial'),
(29, 2, 4, 3, 1, 5, 2, 1, 4, '2024-09-29', 'inicial'),
(30, 1, 5, 2, 4, 3, 3, 5, 2, '2024-09-30', 'inicial'),
(31, 5, 3, 5, 3, 4, 1, 4, 3, '2024-10-01', 'inicial'),
(32, 4, 5, 1, 2, 5, 4, 2, 1, '2024-10-02', 'inicial'),
(33, 3, 2, 4, 1, 3, 5, 1, 4, '2024-10-03', 'inicial'),
(34, 2, 4, 5, 3, 2, 1, 4, 5, '2024-10-04', 'inicial'),
(35, 1, 5, 2, 4, 1, 3, 5, 2, '2024-10-05', 'inicial'),
(36, 5, 1, 3, 2, 4, 4, 1, 5, '2024-10-06', 'inicial'),
(37, 4, 3, 5, 1, 5, 2, 4, 3, '2024-10-07', 'inicial'),
(38, 3, 5, 1, 4, 3, 5, 3, 1, '2024-10-08', 'inicial'),
(39, 2, 2, 4, 3, 5, 1, 5, 4, '2024-10-09', 'inicial'),
(40, 1, 3, 5, 2, 4, 3, 1, 5, '2024-10-10', 'inicial'),
(41, 5, 4, 2, 1, 5, 4, 3, 1, '2024-10-11', 'inicial'),
(42, 4, 1, 5, 3, 2, 1, 4, 2, '2024-10-12', 'inicial'),
(43, 3, 5, 3, 5, 1, 2, 5, 4, '2024-10-13', 'inicial'),
(44, 2, 4, 1, 2, 5, 4, 3, 5, '2024-10-14', 'inicial'),
(45, 1, 5, 4, 3, 2, 1, 5, 3, '2024-10-15', 'inicial'),
(46, 5, 2, 5, 4, 1, 3, 1, 2, '2024-10-16', 'inicial'),
(47, 4, 3, 1, 5, 3, 4, 2, 5, '2024-10-17', 'inicial'),
(48, 3, 4, 5, 1, 4, 5, 3, 1, '2024-10-18', 'inicial'),
(49, 2, 5, 3, 4, 5, 1, 4, 5, '2024-10-19', 'inicial'),
(50, 1, 2, 4, 5, 2, 3, 5, 4, '2024-10-20', 'inicial'),
(51, 5, 3, 1, 2, 3, 5, 4, 2, '2024-10-21', 'inicial'),
(52, 4, 5, 3, 1, 5, 4, 2, 3, '2024-10-22', 'inicial'),
(53, 3, 1, 5, 4, 1, 5, 1, 5, '2024-10-23', 'inicial'),
(54, 2, 4, 2, 5, 4, 3, 4, 2, '2024-10-24', 'inicial'),
(55, 1, 3, 4, 3, 2, 5, 3, 5, '2024-10-25', 'inicial'),
(56, 5, 1, 5, 2, 3, 2, 4, 3, '2024-10-26', 'inicial'),
(57, 4, 5, 2, 1, 5, 3, 1, 4, '2024-10-27', 'inicial'),
(58, 3, 2, 1, 5, 4, 1, 5, 3, '2024-10-28', 'inicial'),
(59, 2, 3, 5, 2, 1, 5, 3, 2, '2024-10-29', 'inicial'),
(60, 1, 4, 3, 4, 5, 1, 2, 5, '2024-10-30', 'inicial'),
(1, 4, 2, 5, 1, 3, 4, 2, 1, '2024-09-01', 'final'),
(2, 3, 5, 2, 4, 1, 5, 3, 2, '2024-09-02', 'final'),
(3, 2, 4, 3, 5, 4, 2, 1, 3, '2024-09-03', 'final'),
(4, 1, 3, 4, 2, 5, 3, 4, 5, '2024-09-04', 'final'),
(5, 5, 2, 1, 3, 2, 4, 5, 3, '2024-09-05', 'final'),
(6, 4, 1, 3, 5, 3, 5, 2, 4, '2024-09-06', 'final'),
(7, 3, 4, 2, 1, 5, 1, 3, 5, '2024-09-07', 'final'),
(8, 5, 3, 5, 4, 2, 2, 4, 2, '2024-09-08', 'final'),
(9, 2, 1, 3, 5, 3, 4, 5, 1, '2024-09-09', 'final'),
(10, 1, 5, 4, 3, 4, 1, 2, 3, '2024-09-10', 'final'),
(11, 4, 3, 1, 5, 2, 3, 4, 5, '2024-09-11', 'final'),
(12, 5, 2, 3, 1, 5, 4, 1, 3, '2024-09-12', 'final'),
(13, 3, 1, 4, 5, 4, 2, 5, 4, '2024-09-13', 'final'),
(14, 2, 4, 2, 3, 1, 5, 4, 2, '2024-09-14', 'final'),
(15, 1, 5, 5, 2, 3, 4, 3, 5, '2024-09-15', 'final'),
(16, 5, 3, 4, 1, 2, 1, 2, 3, '2024-09-16', 'final'),
(17, 4, 1, 3, 5, 4, 3, 5, 4, '2024-09-17', 'final'),
(18, 3, 4, 1, 3, 5, 2, 1, 5, '2024-09-18', 'final'),
(19, 2, 3, 5, 4, 2, 4, 3, 1, '2024-09-19', 'final'),
(20, 1, 2, 4, 5, 3, 5, 2, 4, '2024-09-20', 'final'),
(21, 5, 4, 3, 1, 5, 1, 3, 2, '2024-09-21', 'final'),
(22, 4, 5, 1, 4, 2, 3, 5, 3, '2024-09-22', 'final'),
(23, 3, 1, 5, 2, 4, 4, 1, 5, '2024-09-23', 'final'),
(24, 2, 3, 2, 5, 1, 5, 4, 2, '2024-09-24', 'final'),
(25, 1, 5, 4, 3, 2, 3, 1, 5, '2024-09-25', 'final'),
(26, 5, 2, 1, 4, 3, 5, 3, 1, '2024-09-26', 'final'),
(27, 4, 3, 5, 2, 5, 1, 2, 4, '2024-09-27', 'final'),
(28, 3, 1, 4, 5, 2, 4, 5, 3, '2024-09-28', 'final'),
(29, 2, 4, 3, 1, 5, 2, 1, 4, '2024-09-29', 'final'),
(30, 1, 5, 2, 4, 3, 3, 5, 2, '2024-09-30', 'final'),
(31, 5, 3, 5, 3, 4, 1, 4, 3, '2024-10-01', 'final'),
(32, 4, 5, 1, 2, 5, 4, 2, 1, '2024-10-02', 'final'),
(33, 3, 2, 4, 1, 3, 5, 1, 4, '2024-10-03', 'final'),
(34, 2, 4, 5, 3, 2, 1, 4, 5, '2024-10-04', 'final'),
(35, 1, 5, 2, 4, 1, 3, 5, 2, '2024-10-05', 'final'),
(36, 5, 1, 3, 2, 4, 4, 1, 5, '2024-10-06', 'final'),
(37, 4, 3, 5, 1, 5, 2, 4, 3, '2024-10-07', 'final'),
(38, 3, 5, 1, 4, 3, 5, 3, 1, '2024-10-08', 'final'),
(39, 2, 2, 4, 3, 5, 1, 5, 4, '2024-10-09', 'final'),
(40, 1, 3, 5, 2, 4, 3, 1, 5, '2024-10-10', 'final'),
(41, 5, 4, 2, 1, 5, 4, 3, 1, '2024-10-11', 'final'),
(42, 4, 1, 5, 3, 2, 1, 4, 2, '2024-10-12', 'final'),
(43, 3, 5, 3, 5, 1, 2, 5, 4, '2024-10-13', 'final'),
(44, 2, 4, 1, 2, 5, 4, 3, 5, '2024-10-14', 'final'),
(45, 1, 5, 4, 3, 2, 1, 5, 3, '2024-10-15', 'final'),
(46, 5, 2, 5, 4, 1, 3, 1, 2, '2024-10-16', 'final'),
(47, 4, 3, 1, 5, 3, 4, 2, 5, '2024-10-17', 'final'),
(48, 3, 4, 5, 1, 4, 5, 3, 1, '2024-10-18', 'final'),
(49, 2, 5, 3, 4, 5, 1, 4, 5, '2024-10-19', 'final'),
(50, 1, 2, 4, 5, 2, 3, 5, 4, '2024-10-20', 'final'),
(51, 5, 3, 1, 2, 3, 5, 4, 2, '2024-10-21', 'final'),
(52, 4, 5, 3, 1, 5, 4, 2, 3, '2024-10-22', 'final'),
(53, 3, 1, 5, 4, 1, 5, 1, 5, '2024-10-23', 'final'),
(54, 2, 4, 2, 5, 4, 3, 4, 2, '2024-10-24', 'final'),
(55, 1, 3, 4, 3, 2, 5, 3, 5, '2024-10-25', 'final'),
(56, 5, 1, 5, 2, 3, 2, 4, 3, '2024-10-26', 'final'),
(57, 4, 5, 2, 1, 5, 3, 1, 4, '2024-10-27', 'final'),
(58, 3, 2, 1, 5, 4, 1, 5, 3, '2024-10-28', 'final'),
(59, 2, 3, 5, 2, 1, 5, 3, 2, '2024-10-29', 'final'),
(60, 1, 4, 3, 4, 5, 1, 2, 5, '2024-10-30', 'final');

INSERT INTO habits_datoshabitostemperancia (
    usuario_id, 
    consumo_bebidas_alcoholicas, 
    eventos_sociales_alcohol, 
    consumo_sustancias_estimulantes, 
    consumo_refrescos_cola, 
    consumo_cigarrillos, 
    consumo_comida_chatarra, 
    pedir_mas_comida, 
    agregar_mas_azucar, 
    agregar_mas_sal, 
    satisfecho_trabajo, 
    tenso_nervioso_estresado, 
    tiempo_libre_redes_sociales, 
    satisfecho_relaciones_sociales, 
    apoyo_familia_decisiones, 
    fecha, 
    tipo)
VALUES
(1, 3, 2, 5, 1, 2, 4, 3, 2, 5, 4, 2, 3, 5, 1, '2024-09-01', 'inicial'),
(2, 1, 3, 2, 5, 1, 3, 5, 4, 2, 1, 5, 3, 2, 5, '2024-09-02', 'inicial'),
(3, 2, 4, 1, 3, 5, 4, 2, 5, 1, 3, 1, 5, 4, 3, '2024-09-03', 'inicial'),
(4, 5, 2, 3, 4, 2, 5, 3, 1, 4, 5, 4, 2, 3, 5, '2024-09-04', 'inicial'),
(5, 4, 5, 2, 1, 4, 3, 5, 3, 4, 2, 5, 1, 5, 4, '2024-09-05', 'inicial'),
(6, 3, 1, 4, 5, 2, 1, 4, 3, 5, 3, 2, 4, 1, 3, '2024-09-06', 'inicial'),
(7, 2, 3, 5, 4, 3, 4, 1, 5, 2, 4, 1, 5, 3, 2, '2024-09-07', 'inicial'),
(8, 1, 4, 2, 5, 1, 5, 2, 4, 3, 1, 5, 4, 2, 5, '2024-09-08', 'inicial'),
(9, 5, 2, 1, 4, 3, 2, 5, 1, 3, 5, 2, 1, 5, 3, '2024-09-09', 'inicial'),
(10, 4, 1, 3, 2, 4, 5, 3, 2, 4, 3, 4, 2, 1, 5, '2024-09-10', 'inicial'),
(11, 2, 5, 4, 3, 1, 2, 4, 5, 1, 4, 2, 5, 3, 4, '2024-09-11', 'inicial'),
(12, 3, 4, 1, 5, 3, 5, 1, 2, 5, 1, 3, 4, 5, 1, '2024-09-12', 'inicial'),
(13, 5, 1, 5, 2, 5, 1, 2, 4, 5, 2, 4, 3, 1, 5, '2024-09-13', 'inicial'),
(14, 4, 2, 3, 5, 4, 3, 1, 5, 2, 3, 5, 1, 4, 2, '2024-09-14', 'inicial'),
(15, 1, 3, 2, 4, 5, 2, 5, 1, 3, 5, 1, 4, 3, 5, '2024-09-15', 'inicial'),
(16, 2, 5, 4, 1, 2, 3, 4, 2, 1, 5, 4, 2, 5, 1, '2024-09-16', 'inicial'),
(17, 5, 4, 3, 2, 1, 5, 2, 3, 4, 2, 5, 1, 2, 4, '2024-09-17', 'inicial'),
(18, 1, 3, 4, 5, 3, 2, 5, 1, 2, 5, 1, 4, 5, 3, '2024-09-18', 'inicial'),
(19, 3, 2, 5, 4, 4, 1, 5, 2, 3, 5, 3, 2, 5, 1, '2024-09-19', 'inicial'),
(20, 2, 5, 1, 3, 1, 5, 4, 5, 2, 4, 3, 1, 2, 4, '2024-09-20', 'inicial'),
(21, 5, 1, 4, 5, 2, 3, 1, 5, 3, 5, 4, 3, 5, 2, '2024-09-21', 'inicial'),
(22, 4, 2, 1, 4, 3, 5, 2, 1, 5, 2, 4, 1, 3, 5, '2024-09-22', 'inicial'),
(23, 1, 5, 3, 5, 4, 1, 4, 2, 5, 1, 2, 5, 3, 2, '2024-09-23', 'inicial'),
(24, 2, 4, 5, 1, 2, 5, 3, 4, 2, 5, 1, 3, 4, 5, '2024-09-24', 'inicial'),
(25, 3, 1, 2, 4, 5, 1, 5, 3, 4, 3, 4, 1, 5, 2, '2024-09-25', 'inicial'),
(26, 4, 5, 3, 2, 3, 2, 1, 5, 4, 1, 5, 2, 4, 5, '2024-09-26', 'inicial'),
(27, 1, 2, 5, 4, 4, 5, 2, 3, 1, 5, 2, 4, 1, 3, '2024-09-27', 'inicial'),
(28, 2, 3, 1, 5, 5, 3, 4, 5, 2, 3, 5, 4, 2, 1, '2024-09-28', 'inicial'),
(29, 5, 1, 4, 3, 2, 4, 1, 2, 5, 1, 4, 3, 5, 2, '2024-09-29', 'inicial'),
(30, 4, 5, 1, 2, 3, 5, 4, 3, 1, 2, 5, 1, 3, 4, '2024-09-30', 'inicial'),
(31, 3, 1, 4, 5, 4, 2, 5, 1, 3, 5, 3, 2, 1, 5, '2024-10-01', 'inicial'),
(32, 2, 5, 2, 4, 3, 1, 2, 5, 1, 3, 4, 5, 2, 4, '2024-10-02', 'inicial'),
(33, 1, 3, 5, 1, 2, 3, 5, 4, 3, 4, 5, 1, 3, 2, '2024-10-03', 'inicial'),
(34, 4, 2, 1, 5, 1, 2, 3, 5, 2, 5, 3, 4, 1, 5, '2024-10-04', 'inicial'),
(35, 5, 4, 2, 3, 4, 5, 1, 2, 5, 2, 4, 1, 5, 3, '2024-10-05', 'inicial'),
(36, 1, 5, 3, 4, 1, 5, 2, 4, 3, 1, 3, 5, 2, 4, '2024-10-06', 'inicial'),
(37, 3, 2, 1, 5, 2, 4, 5, 1, 4, 3, 5, 1, 2, 5, '2024-10-07', 'inicial'),
(38, 5, 1, 4, 3, 5, 3, 2, 4, 5, 2, 1, 4, 5, 2, '2024-10-08', 'inicial'),
(39, 2, 5, 2, 1, 3, 5, 4, 1, 3, 4, 5, 2, 1, 3, '2024-10-09', 'inicial'),
(40, 1, 3, 4, 5, 1, 4, 2, 3, 5, 3, 2, 5, 1, 4, '2024-10-10', 'inicial'),
(41, 3, 2, 5, 4, 2, 5, 1, 4, 2, 4, 1, 5, 3, 2, '2024-10-11', 'inicial'),
(42, 4, 1, 3, 2, 5, 4, 5, 1, 2, 5, 2, 3, 1, 4, '2024-10-12', 'inicial'),
(43, 2, 4, 1, 5, 4, 2, 3, 5, 1, 3, 4, 1, 5, 3, '2024-10-13', 'inicial'),
(44, 1, 5, 2, 3, 1, 5, 4, 2, 4, 2, 1, 5, 3, 4, '2024-10-14', 'inicial'),
(45, 5, 3, 4, 1, 3, 2, 5, 1, 3, 5, 4, 1, 2, 5, '2024-10-15', 'inicial'),
(46, 4, 2, 1, 5, 2, 4, 3, 5, 2, 1, 5, 2, 4, 1, '2024-10-16', 'inicial'),
(47, 3, 1, 5, 2, 5, 3, 4, 1, 5, 4, 2, 3, 5, 2, '2024-10-17', 'inicial'),
(48, 1, 5, 4, 1, 4, 2, 5, 3, 1, 5, 3, 4, 2, 1, '2024-10-18', 'inicial'),
(49, 5, 2, 1, 5, 3, 4, 1, 2, 5, 2, 5, 1, 4, 3, '2024-10-19', 'inicial'),
(50, 4, 3, 5, 4, 2, 1, 3, 5, 3, 4, 3, 2, 1, 5, '2024-10-20', 'inicial'),
(51, 1, 4, 2, 3, 1, 5, 3, 4, 2, 1, 5, 3, 2, 4, '2024-10-21', 'inicial'),
(52, 3, 1, 5, 4, 5, 2, 1, 5, 4, 2, 3, 5, 1, 3, '2024-10-22', 'inicial'),
(53, 2, 5, 4, 2, 3, 1, 5, 4, 1, 5, 2, 4, 3, 5, '2024-10-23', 'inicial'),
(54, 1, 3, 5, 3, 1, 4, 2, 3, 5, 4, 1, 2, 5, 3, '2024-10-24', 'inicial'),
(55, 4, 1, 2, 5, 3, 5, 1, 2, 3, 5, 4, 3, 5, 2, '2024-10-25', 'inicial'),
(56, 2, 4, 3, 4, 2, 1, 5, 3, 5, 4, 2, 1, 3, 5, '2024-10-26', 'inicial'),
(57, 1, 5, 4, 3, 1, 5, 2, 4, 5, 1, 2, 4, 3, 2, '2024-10-27', 'inicial'),
(58, 4, 2, 3, 5, 3, 1, 5, 1, 4, 3, 5, 2, 1, 4, '2024-10-28', 'inicial'),
(59, 2, 1, 4, 3, 5, 3, 2, 5, 4, 2, 1, 3, 5, 4, '2024-10-29', 'inicial'),
(60, 5, 2, 1, 5, 4, 1, 5, 2, 3, 5, 4, 3, 2, 5, '2024-10-30', 'inicial'),
(1, 3, 2, 5, 1, 2, 4, 3, 2, 5, 4, 2, 3, 5, 1, '2024-09-01', 'final'),
(2, 1, 3, 2, 5, 1, 3, 5, 4, 2, 1, 5, 3, 2, 5, '2024-09-02', 'final'),
(3, 2, 4, 1, 3, 5, 4, 2, 5, 1, 3, 1, 5, 4, 3, '2024-09-03', 'final'),
(4, 5, 2, 3, 4, 2, 5, 3, 1, 4, 5, 4, 2, 3, 5, '2024-09-04', 'final'),
(5, 4, 5, 2, 1, 4, 3, 5, 3, 4, 2, 5, 1, 5, 4, '2024-09-05', 'final'),
(6, 3, 1, 4, 5, 2, 1, 4, 3, 5, 3, 2, 4, 1, 3, '2024-09-06', 'final'),
(7, 2, 3, 5, 4, 3, 4, 1, 5, 2, 4, 1, 5, 3, 2, '2024-09-07', 'final'),
(8, 1, 4, 2, 5, 1, 5, 2, 4, 3, 1, 5, 4, 2, 5, '2024-09-08', 'final'),
(9, 5, 2, 1, 4, 3, 2, 5, 1, 3, 5, 2, 1, 5, 3, '2024-09-09', 'final'),
(10, 4, 1, 3, 2, 4, 5, 3, 2, 4, 3, 4, 2, 1, 5, '2024-09-10', 'final'),
(11, 2, 5, 4, 3, 1, 2, 4, 5, 1, 4, 2, 5, 3, 4, '2024-09-11', 'final'),
(12, 3, 4, 1, 5, 3, 5, 1, 2, 5, 1, 3, 4, 5, 1, '2024-09-12', 'final'),
(13, 5, 1, 5, 2, 5, 1, 2, 4, 5, 2, 4, 3, 1, 5, '2024-09-13', 'final'),
(14, 4, 2, 3, 5, 4, 3, 1, 5, 2, 3, 5, 1, 4, 2, '2024-09-14', 'final'),
(15, 1, 3, 2, 4, 5, 2, 5, 1, 3, 5, 1, 4, 3, 5, '2024-09-15', 'final'),
(16, 2, 5, 4, 1, 2, 3, 4, 2, 1, 5, 4, 2, 5, 1, '2024-09-16', 'final'),
(17, 5, 4, 3, 2, 1, 5, 2, 3, 4, 2, 5, 1, 2, 4, '2024-09-17', 'final'),
(18, 1, 3, 4, 5, 3, 2, 5, 1, 2, 5, 1, 4, 5, 3, '2024-09-18', 'final'),
(19, 3, 2, 5, 4, 4, 1, 5, 2, 3, 5, 3, 2, 5, 1, '2024-09-19', 'final'),
(20, 2, 5, 1, 3, 1, 5, 4, 5, 2, 4, 3, 1, 2, 4, '2024-09-20', 'final'),
(21, 5, 1, 4, 5, 2, 3, 1, 5, 3, 5, 4, 3, 5, 2, '2024-09-21', 'final'),
(22, 4, 2, 1, 4, 3, 5, 2, 1, 5, 2, 4, 1, 3, 5, '2024-09-22', 'final'),
(23, 1, 5, 3, 5, 4, 1, 4, 2, 5, 1, 2, 5, 3, 2, '2024-09-23', 'final'),
(24, 2, 4, 5, 1, 2, 5, 3, 4, 2, 5, 1, 3, 4, 5, '2024-09-24', 'final'),
(25, 3, 1, 2, 4, 5, 1, 5, 3, 4, 3, 4, 1, 5, 2, '2024-09-25', 'final'),
(26, 4, 5, 3, 2, 3, 2, 1, 5, 4, 1, 5, 2, 4, 5, '2024-09-26', 'final'),
(27, 1, 2, 5, 4, 4, 5, 2, 3, 1, 5, 2, 4, 1, 3, '2024-09-27', 'final'),
(28, 2, 3, 1, 5, 5, 3, 4, 5, 2, 3, 5, 4, 2, 1, '2024-09-28', 'final'),
(29, 5, 1, 4, 3, 2, 4, 1, 2, 5, 1, 4, 3, 5, 2, '2024-09-29', 'final'),
(30, 4, 5, 1, 2, 3, 5, 4, 3, 1, 2, 5, 1, 3, 4, '2024-09-30', 'final'),
(31, 3, 1, 4, 5, 4, 2, 5, 1, 3, 5, 3, 2, 1, 5, '2024-10-01', 'final'),
(32, 2, 5, 2, 4, 3, 1, 2, 5, 1, 3, 4, 5, 2, 4, '2024-10-02', 'final'),
(33, 1, 3, 5, 1, 2, 3, 5, 4, 3, 4, 5, 1, 3, 2, '2024-10-03', 'final'),
(34, 4, 2, 1, 5, 1, 2, 3, 5, 2, 5, 3, 4, 1, 5, '2024-10-04', 'final'),
(35, 5, 4, 2, 3, 4, 5, 1, 2, 5, 2, 4, 1, 5, 3, '2024-10-05', 'final'),
(36, 1, 5, 3, 4, 1, 5, 2, 4, 3, 1, 3, 5, 2, 4, '2024-10-06', 'final'),
(37, 3, 2, 1, 5, 2, 4, 5, 1, 4, 3, 5, 1, 2, 5, '2024-10-07', 'final'),
(38, 5, 1, 4, 3, 5, 3, 2, 4, 5, 2, 1, 4, 5, 2, '2024-10-08', 'final'),
(39, 2, 5, 2, 1, 3, 5, 4, 1, 3, 4, 5, 2, 1, 3, '2024-10-09', 'final'),
(40, 1, 3, 4, 5, 1, 4, 2, 3, 5, 3, 2, 5, 1, 4, '2024-10-10', 'final'),
(41, 3, 2, 5, 4, 2, 5, 1, 4, 2, 4, 1, 5, 3, 2, '2024-10-11', 'final'),
(42, 4, 1, 3, 2, 5, 4, 5, 1, 2, 5, 2, 3, 1, 4, '2024-10-12', 'final'),
(43, 2, 4, 1, 5, 4, 2, 3, 5, 1, 3, 4, 1, 5, 3, '2024-10-13', 'final'),
(44, 1, 5, 2, 3, 1, 5, 4, 2, 4, 2, 1, 5, 3, 4, '2024-10-14', 'final'),
(45, 5, 3, 4, 1, 3, 2, 5, 1, 3, 5, 4, 1, 2, 5, '2024-10-15', 'final'),
(46, 4, 2, 1, 5, 2, 4, 3, 5, 2, 1, 5, 2, 4, 1, '2024-10-16', 'final'),
(47, 3, 1, 5, 2, 5, 3, 4, 1, 5, 4, 2, 3, 5, 2, '2024-10-17', 'final'),
(48, 1, 5, 4, 1, 4, 2, 5, 3, 1, 5, 3, 4, 2, 1, '2024-10-18', 'final'),
(49, 5, 2, 1, 5, 3, 4, 1, 2, 5, 2, 5, 1, 4, 3, '2024-10-19', 'final'),
(50, 4, 3, 5, 4, 2, 1, 3, 5, 3, 4, 3, 2, 1, 5, '2024-10-20', 'final'),
(51, 1, 4, 2, 3, 1, 5, 3, 4, 2, 1, 5, 3, 2, 4, '2024-10-21', 'final'),
(52, 3, 1, 5, 4, 5, 2, 1, 5, 4, 2, 3, 5, 1, 3, '2024-10-22', 'final'),
(53, 2, 5, 4, 2, 3, 1, 5, 4, 1, 5, 2, 4, 3, 5, '2024-10-23', 'final'),
(54, 1, 3, 5, 3, 1, 4, 2, 3, 5, 4, 1, 2, 5, 3, '2024-10-24', 'final'),
(55, 4, 1, 2, 5, 3, 5, 1, 2, 3, 5, 4, 3, 5, 2, '2024-10-25', 'final'),
(56, 2, 4, 3, 4, 2, 1, 5, 3, 5, 4, 2, 1, 3, 5, '2024-10-26', 'final'),
(57, 1, 5, 4, 3, 1, 5, 2, 4, 5, 1, 2, 4, 3, 2, '2024-10-27', 'final'),
(58, 4, 2, 3, 5, 3, 1, 5, 1, 4, 3, 5, 2, 1, 4, '2024-10-28', 'final'),
(59, 2, 1, 4, 3, 5, 3, 2, 5, 4, 2, 1, 3, 5, 4, '2024-10-29', 'final'),
(60, 5, 2, 1, 5, 4, 1, 5, 2, 3, 5, 4, 3, 2, 5, '2024-10-30', 'final');

INSERT INTO habits_datoshabitosejercicio (
    usuario_id, 
    realizo_actividad_deportiva, 
    ejercicio_fisico_diario, 
    practico_deporte_tiempo_libre, 
    dedicacion_30_minutos_ejercicio, 
    ejercicio_carrera_bicicleta, 
    fecha, 
    tipo)
VALUES 
(1, 2, 5, 3, 1, 2, '2024-09-01', 'inicial'),
(2, 4, 3, 5, 2, 4, '2024-09-02', 'inicial'),
(3, 3, 2, 1, 4, 5, '2024-09-03', 'inicial'),
(4, 1, 3, 5, 5, 2, '2024-09-04', 'inicial'),
(5, 4, 1, 4, 3, 3, '2024-09-05', 'inicial'),
(6, 2, 4, 2, 5, 1, '2024-09-06', 'inicial'),
(7, 3, 5, 4, 2, 2, '2024-09-07', 'inicial'),
(8, 1, 3, 5, 4, 3, '2024-09-08', 'inicial'),
(9, 2, 2, 1, 1, 5, '2024-09-09', 'inicial'),
(10, 5, 1, 3, 2, 4, '2024-09-10', 'inicial'),
(11, 4, 3, 5, 5, 1, '2024-09-11', 'inicial'),
(12, 3, 2, 1, 4, 3, '2024-09-12', 'inicial'),
(13, 2, 5, 3, 5, 5, '2024-09-13', 'inicial'),
(14, 1, 4, 4, 2, 2, '2024-09-14', 'inicial'),
(15, 5, 3, 5, 1, 3, '2024-09-15', 'inicial'),
(16, 2, 2, 4, 3, 4, '2024-09-16', 'inicial'),
(17, 4, 1, 1, 5, 2, '2024-09-17', 'inicial'),
(18, 3, 4, 2, 2, 5, '2024-09-18', 'inicial'),
(19, 5, 3, 5, 4, 1, '2024-09-19', 'inicial'),
(20, 1, 5, 2, 3, 4, '2024-09-20', 'inicial'),
(21, 3, 4, 4, 2, 2, '2024-09-21', 'inicial'),
(22, 2, 2, 1, 5, 3, '2024-09-22', 'inicial'),
(23, 4, 5, 3, 4, 1, '2024-09-23', 'inicial'),
(24, 1, 1, 5, 2, 5, '2024-09-24', 'inicial'),
(25, 2, 3, 2, 3, 4, '2024-09-25', 'inicial'),
(26, 5, 4, 1, 5, 1, '2024-09-26', 'inicial'),
(27, 3, 5, 4, 2, 3, '2024-09-27', 'inicial'),
(28, 1, 2, 5, 3, 2, '2024-09-28', 'inicial'),
(29, 2, 4, 3, 5, 4, '2024-09-29', 'inicial'),
(30, 4, 1, 2, 4, 5, '2024-09-30', 'inicial'),
(31, 1, 3, 5, 2, 3, '2024-09-01', 'inicial'),
(32, 2, 4, 1, 5, 4, '2024-09-02', 'inicial'),
(33, 5, 2, 3, 1, 5, '2024-09-03', 'inicial'),
(34, 3, 5, 4, 2, 2, '2024-09-04', 'inicial'),
(35, 4, 2, 5, 3, 1, '2024-09-05', 'inicial'),
(36, 1, 4, 1, 5, 4, '2024-09-06', 'inicial'),
(37, 2, 3, 2, 4, 3, '2024-09-07', 'inicial'),
(38, 5, 2, 1, 3, 5, '2024-09-08', 'inicial'),
(39, 4, 3, 4, 5, 2, '2024-09-09', 'inicial'),
(40, 1, 5, 2, 2, 4, '2024-09-10', 'inicial'),
(41, 2, 1, 5, 3, 1, '2024-09-11', 'inicial'),
(42, 4, 2, 1, 4, 3, '2024-09-12', 'inicial'),
(43, 3, 5, 4, 5, 2, '2024-09-13', 'inicial'),
(44, 1, 3, 2, 4, 5, '2024-09-14', 'inicial'),
(45, 2, 5, 3, 1, 4, '2024-09-15', 'inicial'),
(46, 5, 4, 5, 3, 1, '2024-09-16', 'inicial'),
(47, 3, 2, 1, 5, 2, '2024-09-17', 'inicial'),
(48, 1, 5, 3, 2, 4, '2024-09-18', 'inicial'),
(49, 2, 4, 2, 5, 3, '2024-09-19', 'inicial'),
(50, 4, 3, 5, 4, 1, '2024-09-20', 'inicial'),
(51, 1, 2, 4, 3, 5, '2024-09-21', 'inicial'),
(52, 2, 1, 5, 2, 4, '2024-09-22', 'inicial'),
(53, 5, 3, 1, 4, 5, '2024-09-23', 'inicial'),
(54, 3, 5, 2, 5, 1, '2024-09-24', 'inicial'),
(55, 4, 1, 3, 2, 4, '2024-09-25', 'inicial'),
(56, 1, 4, 5, 4, 3, '2024-09-26', 'inicial'),
(57, 2, 2, 5, 3, 1, '2024-09-27', 'inicial'),
(58, 3, 5, 1, 2, 4, '2024-09-28', 'inicial'),
(59, 5, 2, 4, 1, 5, '2024-09-29', 'inicial'),
(60, 4, 3, 2, 5, 2, '2024-09-30', 'inicial'),
(1, 2, 5, 3, 1, 2, '2024-09-01', 'final'),
(2, 4, 3, 5, 2, 4, '2024-09-02', 'final'),
(3, 3, 2, 1, 4, 5, '2024-09-03', 'final'),
(4, 1, 3, 5, 5, 2, '2024-09-04', 'final'),
(5, 4, 1, 4, 3, 3, '2024-09-05', 'final'),
(6, 2, 4, 2, 5, 1, '2024-09-06', 'final'),
(7, 3, 5, 4, 2, 2, '2024-09-07', 'final'),
(8, 1, 3, 5, 4, 3, '2024-09-08', 'final'),
(9, 2, 2, 1, 1, 5, '2024-09-09', 'final'),
(10, 5, 1, 3, 2, 4, '2024-09-10', 'final'),
(11, 4, 3, 5, 5, 1, '2024-09-11', 'final'),
(12, 3, 2, 1, 4, 3, '2024-09-12', 'final'),
(13, 2, 5, 3, 5, 5, '2024-09-13', 'final'),
(14, 1, 4, 4, 2, 2, '2024-09-14', 'final'),
(15, 5, 3, 5, 1, 3, '2024-09-15', 'final'),
(16, 2, 2, 4, 3, 4, '2024-09-16', 'final'),
(17, 4, 1, 1, 5, 2, '2024-09-17', 'final'),
(18, 3, 4, 2, 2, 5, '2024-09-18', 'final'),
(19, 5, 3, 5, 4, 1, '2024-09-19', 'final'),
(20, 1, 5, 2, 3, 4, '2024-09-20', 'final'),
(21, 3, 4, 4, 2, 2, '2024-09-21', 'final'),
(22, 2, 2, 1, 5, 3, '2024-09-22', 'final'),
(23, 4, 5, 3, 4, 1, '2024-09-23', 'final'),
(24, 1, 1, 5, 2, 5, '2024-09-24', 'final'),
(25, 2, 3, 2, 3, 4, '2024-09-25', 'final'),
(26, 5, 4, 1, 5, 1, '2024-09-26', 'final'),
(27, 3, 5, 4, 2, 3, '2024-09-27', 'final'),
(28, 1, 2, 5, 3, 2, '2024-09-28', 'final'),
(29, 2, 4, 3, 5, 4, '2024-09-29', 'final'),
(30, 4, 1, 2, 4, 5, '2024-09-30', 'final'),
(31, 1, 3, 5, 2, 3, '2024-09-01', 'final'),
(32, 2, 4, 1, 5, 4, '2024-09-02', 'final'),
(33, 5, 2, 3, 1, 5, '2024-09-03', 'final'),
(34, 3, 5, 4, 2, 2, '2024-09-04', 'final'),
(35, 4, 2, 5, 3, 1, '2024-09-05', 'final'),
(36, 1, 4, 1, 5, 4, '2024-09-06', 'final'),
(37, 2, 3, 2, 4, 3, '2024-09-07', 'final'),
(38, 5, 2, 1, 3, 5, '2024-09-08', 'final'),
(39, 4, 3, 4, 5, 2, '2024-09-09', 'final'),
(40, 1, 5, 2, 2, 4, '2024-09-10', 'final'),
(41, 2, 1, 5, 3, 1, '2024-09-11', 'final'),
(42, 4, 2, 1, 4, 3, '2024-09-12', 'final'),
(43, 3, 5, 4, 5, 2, '2024-09-13', 'final'),
(44, 1, 3, 2, 4, 5, '2024-09-14', 'final'),
(45, 2, 5, 3, 1, 4, '2024-09-15', 'final'),
(46, 5, 4, 5, 3, 1, '2024-09-16', 'final'),
(47, 3, 2, 1, 5, 2, '2024-09-17', 'final'),
(48, 1, 5, 3, 2, 4, '2024-09-18', 'final'),
(49, 2, 4, 2, 5, 3, '2024-09-19', 'final'),
(50, 4, 3, 5, 4, 1, '2024-09-20', 'final'),
(51, 1, 2, 4, 3, 5, '2024-09-21', 'final'),
(52, 2, 1, 5, 2, 4, '2024-09-22', 'final'),
(53, 5, 3, 1, 4, 5, '2024-09-23', 'final'),
(54, 3, 5, 2, 5, 1, '2024-09-24', 'final'),
(55, 4, 1, 3, 2, 4, '2024-09-25', 'final'),
(56, 1, 4, 5, 4, 3, '2024-09-26', 'final'),
(57, 2, 2, 5, 3, 1, '2024-09-27', 'final'),
(58, 3, 5, 1, 2, 4, '2024-09-28', 'final'),
(59, 5, 2, 4, 1, 5, '2024-09-29', 'final'),
(60, 4, 3, 2, 5, 2, '2024-09-30', 'final');

INSERT INTO habits_datoshabitosdescanso (
    usuario_id, 
    duermo_7_8_horas, 
    despertar_durante_noche, 
    dificultad_sueno_reparador, 
    horario_sueno_diario, 
    despertar_horario_diario, 
    fecha, 
    tipo)
VALUES 
(1, 4, 2, 3, 5, 1, '2024-09-01', 'inicial'),
(2, 3, 1, 5, 2, 4, '2024-09-02', 'inicia'),
(3, 5, 3, 2, 4, 3, '2024-09-03', 'inicial'),
(4, 2, 4, 1, 3, 5, '2024-09-04', 'inicia'),
(5, 3, 2, 4, 1, 2, '2024-09-05', 'inicial'),
(6, 1, 5, 3, 2, 4, '2024-09-06', 'inicia'),
(7, 4, 3, 1, 5, 1, '2024-09-07', 'inicial'),
(8, 2, 2, 5, 4, 3, '2024-09-08', 'inicia'),
(9, 5, 1, 2, 3, 5, '2024-09-09', 'inicial'),
(10, 3, 4, 4, 1, 2, '2024-09-10', 'inicia'),
(11, 1, 2, 3, 5, 3, '2024-09-11', 'inicial'),
(12, 2, 3, 5, 4, 1, '2024-09-12', 'inicia'),
(13, 4, 5, 2, 1, 4, '2024-09-13', 'inicial'),
(14, 5, 2, 4, 3, 2, '2024-09-14', 'inicia'),
(15, 3, 3, 1, 5, 4, '2024-09-15', 'inicial'),
(16, 2, 1, 5, 2, 3, '2024-09-16', 'inicia'),
(17, 4, 3, 4, 1, 5, '2024-09-17', 'inicial'),
(18, 1, 4, 2, 3, 1, '2024-09-18', 'inicia'),
(19, 3, 2, 5, 4, 2, '2024-09-19', 'inicial'),
(20, 5, 1, 3, 2, 4, '2024-09-20', 'inicia'),
(21, 2, 5, 4, 5, 3, '2024-09-21', 'inicial'),
(22, 4, 3, 2, 1, 1, '2024-09-22', 'inicia'),
(23, 3, 4, 1, 3, 5, '2024-09-23', 'inicial'),
(24, 1, 2, 5, 4, 4, '2024-09-24', 'inicia'),
(25, 2, 5, 3, 1, 2, '2024-09-25', 'inicial'),
(26, 4, 1, 2, 2, 3, '2024-09-26', 'inicia'),
(27, 3, 4, 4, 5, 1, '2024-09-27', 'inicial'),
(28, 5, 2, 3, 3, 4, '2024-09-28', 'inicia'),
(29, 1, 3, 2, 4, 5, '2024-09-29', 'inicial'),
(30, 2, 4, 5, 1, 3, '2024-09-30', 'inicia'),
(31, 3, 5, 1, 2, 2, '2024-09-01', 'inicial'),
(32, 5, 4, 2, 4, 1, '2024-09-02', 'inicia'),
(33, 4, 1, 5, 3, 5, '2024-09-03', 'inicial'),
(34, 2, 2, 3, 1, 4, '2024-09-04', 'inicia'),
(35, 1, 3, 5, 2, 3, '2024-09-05', 'inicial'),
(36, 5, 5, 2, 4, 4, '2024-09-06', 'inicia'),
(37, 3, 2, 1, 3, 2, '2024-09-07', 'inicial'),
(38, 4, 3, 5, 1, 1, '2024-09-08', 'inicia'),
(39, 2, 4, 3, 4, 5, '2024-09-09', 'inicial'),
(40, 1, 1, 5, 2, 2, '2024-09-10', 'inicia'),
(41, 3, 2, 4, 5, 4, '2024-09-11', 'inicial'),
(42, 5, 3, 1, 2, 3, '2024-09-12', 'inicia'),
(43, 2, 4, 2, 1, 5, '2024-09-13', 'inicial'),
(44, 4, 1, 3, 5, 1, '2024-09-14', 'inicia'),
(45, 1, 2, 5, 4, 2, '2024-09-15', 'inicial'),
(46, 3, 5, 4, 1, 3, '2024-09-16', 'inicia'),
(47, 2, 3, 2, 4, 4, '2024-09-17', 'inicial'),
(48, 4, 4, 1, 3, 5, '2024-09-18', 'inicia'),
(49, 5, 2, 3, 2, 1, '2024-09-19', 'inicial'),
(50, 1, 3, 5, 4, 2, '2024-09-20', 'inicia'),
(51, 3, 1, 2, 3, 3, '2024-09-21', 'inicial'),
(52, 2, 4, 4, 5, 1, '2024-09-22', 'inicia'),
(53, 4, 5, 3, 1, 4, '2024-09-23', 'inicial'),
(54, 5, 2, 2, 2, 3, '2024-09-24', 'inicia'),
(55, 3, 4, 1, 5, 5, '2024-09-25', 'inicial'),
(56, 1, 3, 5, 2, 4, '2024-09-26', 'inicia'),
(57, 2, 1, 4, 4, 1, '2024-09-27', 'inicial'),
(58, 4, 5, 2, 3, 2, '2024-09-28', 'inicia'),
(59, 5, 2, 3, 1, 5, '2024-09-29', 'inicial'),
(60, 1, 4, 4, 5, 3, '2024-09-30', 'inicia'),
(1, 4, 2, 3, 5, 1, '2024-09-01', 'final'),
(2, 3, 1, 5, 2, 4, '2024-09-02', 'final'),
(3, 5, 3, 2, 4, 3, '2024-09-03', 'final'),
(4, 2, 4, 1, 3, 5, '2024-09-04', 'final'),
(5, 3, 2, 4, 1, 2, '2024-09-05', 'final'),
(6, 1, 5, 3, 2, 4, '2024-09-06', 'final'),
(7, 4, 3, 1, 5, 1, '2024-09-07', 'final'),
(8, 2, 2, 5, 4, 3, '2024-09-08', 'final'),
(9, 5, 1, 2, 3, 5, '2024-09-09', 'final'),
(10, 3, 4, 4, 1, 2, '2024-09-10', 'final'),
(11, 1, 2, 3, 5, 3, '2024-09-11', 'final'),
(12, 2, 3, 5, 4, 1, '2024-09-12', 'final'),
(13, 4, 5, 2, 1, 4, '2024-09-13', 'final'),
(14, 5, 2, 4, 3, 2, '2024-09-14', 'final'),
(15, 3, 3, 1, 5, 4, '2024-09-15', 'final'),
(16, 2, 1, 5, 2, 3, '2024-09-16', 'final'),
(17, 4, 3, 4, 1, 5, '2024-09-17', 'final'),
(18, 1, 4, 2, 3, 1, '2024-09-18', 'final'),
(19, 3, 2, 5, 4, 2, '2024-09-19', 'final'),
(20, 5, 1, 3, 2, 4, '2024-09-20', 'final'),
(21, 2, 5, 4, 5, 3, '2024-09-21', 'final'),
(22, 4, 3, 2, 1, 1, '2024-09-22', 'final'),
(23, 3, 4, 1, 3, 5, '2024-09-23', 'final'),
(24, 1, 2, 5, 4, 4, '2024-09-24', 'final'),
(25, 2, 5, 3, 1, 2, '2024-09-25', 'final'),
(26, 4, 1, 2, 2, 3, '2024-09-26', 'final'),
(27, 3, 4, 4, 5, 1, '2024-09-27', 'final'),
(28, 5, 2, 3, 3, 4, '2024-09-28', 'final'),
(29, 1, 3, 2, 4, 5, '2024-09-29', 'final'),
(30, 2, 4, 5, 1, 3, '2024-09-30', 'final'),
(31, 3, 5, 1, 2, 2, '2024-09-01', 'final'),
(32, 5, 4, 2, 4, 1, '2024-09-02', 'final'),
(33, 4, 1, 5, 3, 5, '2024-09-03', 'final'),
(34, 2, 2, 3, 1, 4, '2024-09-04', 'final'),
(35, 1, 3, 5, 2, 3, '2024-09-05', 'final'),
(36, 5, 5, 2, 4, 4, '2024-09-06', 'final'),
(37, 3, 2, 1, 3, 2, '2024-09-07', 'final'),
(38, 4, 3, 5, 1, 1, '2024-09-08', 'final'),
(39, 2, 4, 3, 4, 5, '2024-09-09', 'final'),
(40, 1, 1, 5, 2, 2, '2024-09-10', 'final'),
(41, 3, 2, 4, 5, 4, '2024-09-11', 'final'),
(42, 5, 3, 1, 2, 3, '2024-09-12', 'final'),
(43, 2, 4, 2, 1, 5, '2024-09-13', 'final'),
(44, 4, 1, 3, 5, 1, '2024-09-14', 'final'),
(45, 1, 2, 5, 4, 2, '2024-09-15', 'final'),
(46, 3, 5, 4, 1, 3, '2024-09-16', 'final'),
(47, 2, 3, 2, 4, 4, '2024-09-17', 'final'),
(48, 4, 4, 1, 3, 5, '2024-09-18', 'final'),
(49, 5, 2, 3, 2, 1, '2024-09-19', 'final'),
(50, 1, 3, 5, 4, 2, '2024-09-20', 'final'),
(51, 3, 1, 2, 3, 3, '2024-09-21', 'final'),
(52, 2, 4, 4, 5, 1, '2024-09-22', 'final'),
(53, 4, 5, 3, 1, 4, '2024-09-23', 'final'),
(54, 5, 2, 2, 2, 3, '2024-09-24', 'final'),
(55, 3, 4, 1, 5, 5, '2024-09-25', 'final'),
(56, 1, 3, 5, 2, 4, '2024-09-26', 'final'),
(57, 2, 1, 4, 4, 1, '2024-09-27', 'final'),
(58, 4, 5, 2, 3, 2, '2024-09-28', 'final'),
(59, 5, 2, 3, 1, 5, '2024-09-29', 'final'),
(60, 1, 4, 4, 5, 3, '2024-09-30', 'final');

INSERT INTO habits_datoshabitossol (
    usuario_id, 
    exposicion_sol_diaria, 
    exposicion_sol_horas_seguras, 
    exposicion_sol_20_minutos, 
    uso_bloqueador_solar, 
    fecha, 
    tipo)
VALUES 
(1, 4, 3, 5, 2, '2024-09-01', 'inicial'),
(2, 2, 4, 3, 1, '2024-09-02', 'inicial'),
(3, 5, 2, 4, 3, '2024-09-03', 'inicial'),
(4, 3, 5, 2, 4, '2024-09-04', 'inicial'),
(5, 1, 1, 1, 5, '2024-09-05', 'inicial'),
(6, 4, 3, 5, 2, '2024-09-06', 'inicial'),
(7, 2, 4, 2, 4, '2024-09-07', 'inicial'),
(8, 5, 2, 3, 1, '2024-09-08', 'inicial'),
(9, 3, 5, 4, 3, '2024-09-09', 'inicial'),
(10, 2, 3, 2, 5, '2024-09-10', 'inicial'),
(11, 4, 1, 5, 2, '2024-09-11', 'inicial'),
(12, 1, 4, 3, 3, '2024-09-12', 'inicial'),
(13, 5, 3, 4, 1, '2024-09-13', 'inicial'),
(14, 3, 2, 5, 4, '2024-09-14', 'inicial'),
(15, 2, 5, 2, 1, '2024-09-15', 'inicial'),
(16, 4, 3, 1, 2, '2024-09-16', 'inicial'),
(17, 1, 2, 4, 5, '2024-09-17', 'inicial'),
(18, 3, 4, 3, 1, '2024-09-18', 'inicial'),
(19, 5, 2, 2, 4, '2024-09-19', 'inicial'),
(20, 2, 1, 5, 3, '2024-09-20', 'inicial'),
(21, 4, 3, 4, 2, '2024-09-21', 'inicial'),
(22, 1, 5, 3, 5, '2024-09-22', 'inicial'),
(23, 3, 4, 2, 1, '2024-09-23', 'inicial'),
(24, 2, 2, 5, 4, '2024-09-24', 'inicial'),
(25, 5, 1, 3, 2, '2024-09-25', 'inicial'),
(26, 4, 3, 4, 1, '2024-09-26', 'inicial'),
(27, 3, 2, 5, 3, '2024-09-27', 'inicial'),
(28, 1, 4, 2, 5, '2024-09-28', 'inicial'),
(29, 2, 5, 3, 4, '2024-09-29', 'inicial'),
(30, 5, 2, 1, 2, '2024-09-30', 'inicial'),
(31, 3, 3, 4, 5, '2024-09-01', 'inicial'),
(32, 2, 1, 5, 3, '2024-09-02', 'inicial'),
(33, 4, 5, 2, 1, '2024-09-03', 'inicial'),
(34, 1, 3, 3, 4, '2024-09-04', 'inicial'),
(35, 5, 2, 4, 2, '2024-09-05', 'inicial'),
(36, 3, 1, 5, 3, '2024-09-06', 'inicial'),
(37, 2, 4, 1, 5, '2024-09-07', 'inicial'),
(38, 4, 5, 3, 1, '2024-09-08', 'inicial'),
(39, 1, 2, 2, 4, '2024-09-09', 'inicial'),
(40, 3, 4, 5, 2, '2024-09-10', 'inicial'),
(41, 5, 1, 3, 4, '2024-09-11', 'inicial'),
(42, 2, 5, 4, 1, '2024-09-12', 'inicial'),
(43, 4, 2, 5, 3, '2024-09-13', 'inicial'),
(44, 1, 3, 2, 2, '2024-09-14', 'inicial'),
(45, 3, 4, 4, 5, '2024-09-15', 'inicial'),
(46, 2, 1, 3, 4, '2024-09-16', 'inicial'),
(47, 4, 5, 2, 3, '2024-09-17', 'inicial'),
(48, 5, 2, 1, 1, '2024-09-18', 'inicial'),
(49, 3, 3, 5, 2, '2024-09-19', 'inicial'),
(50, 1, 4, 4, 5, '2024-09-20', 'inicial'),
(51, 2, 2, 3, 1, '2024-09-21', 'inicial'),
(52, 4, 5, 1, 3, '2024-09-22', 'inicial'),
(53, 5, 3, 4, 2, '2024-09-23', 'inicial'),
(54, 1, 2, 5, 4, '2024-09-24', 'inicial'),
(55, 3, 4, 3, 1, '2024-09-25', 'inicial'),
(56, 2, 1, 2, 5, '2024-09-26', 'inicial'),
(57, 4, 3, 4, 2, '2024-09-27', 'inicial'),
(58, 5, 4, 1, 3, '2024-09-28', 'inicial'),
(59, 3, 2, 5, 1, '2024-09-29', 'inicial'),
(60, 1, 5, 2, 4, '2024-09-30', 'inicial'),
(1, 4, 3, 5, 2, '2024-09-01', 'final'),
(2, 2, 4, 3, 1, '2024-09-02', 'final'),
(3, 5, 2, 4, 3, '2024-09-03', 'final'),
(4, 3, 5, 2, 4, '2024-09-04', 'final'),
(5, 1, 1, 1, 5, '2024-09-05', 'final'),
(6, 4, 3, 5, 2, '2024-09-06', 'final'),
(7, 2, 4, 2, 4, '2024-09-07', 'final'),
(8, 5, 2, 3, 1, '2024-09-08', 'final'),
(9, 3, 5, 4, 3, '2024-09-09', 'final'),
(10, 2, 3, 2, 5, '2024-09-10', 'final'),
(11, 4, 1, 5, 2, '2024-09-11', 'final'),
(12, 1, 4, 3, 3, '2024-09-12', 'final'),
(13, 5, 3, 4, 1, '2024-09-13', 'final'),
(14, 3, 2, 5, 4, '2024-09-14', 'final'),
(15, 2, 5, 2, 1, '2024-09-15', 'final'),
(16, 4, 3, 1, 2, '2024-09-16', 'final'),
(17, 1, 2, 4, 5, '2024-09-17', 'final'),
(18, 3, 4, 3, 1, '2024-09-18', 'final'),
(19, 5, 2, 2, 4, '2024-09-19', 'final'),
(20, 2, 1, 5, 3, '2024-09-20', 'final'),
(21, 4, 3, 4, 2, '2024-09-21', 'final'),
(22, 1, 5, 3, 5, '2024-09-22', 'final'),
(23, 3, 4, 2, 1, '2024-09-23', 'final'),
(24, 2, 2, 5, 4, '2024-09-24', 'final'),
(25, 5, 1, 3, 2, '2024-09-25', 'final'),
(26, 4, 3, 4, 1, '2024-09-26', 'final'),
(27, 3, 2, 5, 3, '2024-09-27', 'final'),
(28, 1, 4, 2, 5, '2024-09-28', 'final'),
(29, 2, 5, 3, 4, '2024-09-29', 'final'),
(30, 5, 2, 1, 2, '2024-09-30', 'final'),
(31, 3, 3, 4, 5, '2024-09-01', 'final'),
(32, 2, 1, 5, 3, '2024-09-02', 'final'),
(33, 4, 5, 2, 1, '2024-09-03', 'final'),
(34, 1, 3, 3, 4, '2024-09-04', 'final'),
(35, 5, 2, 4, 2, '2024-09-05', 'final'),
(36, 3, 1, 5, 3, '2024-09-06', 'final'),
(37, 2, 4, 1, 5, '2024-09-07', 'final'),
(38, 4, 5, 3, 1, '2024-09-08', 'final'),
(39, 1, 2, 2, 4, '2024-09-09', 'final'),
(40, 3, 4, 5, 2, '2024-09-10', 'final'),
(41, 5, 1, 3, 4, '2024-09-11', 'final'),
(42, 2, 5, 4, 1, '2024-09-12', 'final'),
(43, 4, 2, 5, 3, '2024-09-13', 'final'),
(44, 1, 3, 2, 2, '2024-09-14', 'final'),
(45, 3, 4, 4, 5, '2024-09-15', 'final'),
(46, 2, 1, 3, 4, '2024-09-16', 'final'),
(47, 4, 5, 2, 3, '2024-09-17', 'final'),
(48, 5, 2, 1, 1, '2024-09-18', 'final'),
(49, 3, 3, 5, 2, '2024-09-19', 'final'),
(50, 1, 4, 4, 5, '2024-09-20', 'final'),
(51, 2, 2, 3, 1, '2024-09-21', 'final'),
(52, 4, 5, 1, 3, '2024-09-22', 'final'),
(53, 5, 3, 4, 2, '2024-09-23', 'final'),
(54, 1, 2, 5, 4, '2024-09-24', 'final'),
(55, 3, 4, 3, 1, '2024-09-25', 'final'),
(56, 2, 1, 2, 5, '2024-09-26', 'final'),
(57, 4, 3, 4, 2, '2024-09-27', 'final'),
(58, 5, 4, 1, 3, '2024-09-28', 'final'),
(59, 3, 2, 5, 1, '2024-09-29', 'final'),
(60, 1, 5, 2, 4, '2024-09-30', 'final');

INSERT INTO habits_datoshabitosesperanza (
    usuario_id, 
    ser_supremo_interviene, 
    leo_biblia, 
    practico_oracion, 
    orar_y_estudiar_biblia_desarrollo_personal, 
    fecha, 
    tipo)
VALUES 
(1, 5, 4, 3, 2, '2024-09-01', 'inicial'),
(2, 3, 2, 5, 4, '2024-09-02', 'inicial'),
(3, 4, 5, 2, 3, '2024-09-03', 'inicial'),
(4, 2, 3, 4, 1, '2024-09-04', 'inicial'),
(5, 1, 1, 3, 5, '2024-09-05', 'inicial'),
(6, 4, 4, 5, 2, '2024-09-06', 'inicial'),
(7, 3, 2, 1, 4, '2024-09-07', 'inicial'),
(8, 5, 3, 4, 3, '2024-09-08', 'inicial'),
(9, 2, 5, 2, 1, '2024-09-09', 'inicial'),
(10, 1, 3, 4, 5, '2024-09-10', 'inicial'),
(11, 4, 2, 3, 4, '2024-09-11', 'inicial'),
(12, 3, 4, 5, 1, '2024-09-12', 'inicial'),
(13, 5, 1, 2, 3, '2024-09-13', 'inicial'),
(14, 2, 5, 3, 4, '2024-09-14', 'inicial'),
(15, 1, 2, 4, 2, '2024-09-15', 'inicial'),
(16, 4, 3, 5, 1, '2024-09-16', 'inicial'),
(17, 2, 4, 1, 5, '2024-09-17', 'inicial'),
(18, 3, 5, 2, 4, '2024-09-18', 'inicial'),
(19, 5, 1, 3, 2, '2024-09-19', 'inicial'),
(20, 1, 3, 4, 5, '2024-09-20', 'inicial'),
(21, 4, 4, 1, 3, '2024-09-21', 'inicial'),
(22, 2, 2, 5, 4, '2024-09-22', 'inicial'),
(23, 3, 5, 2, 1, '2024-09-23', 'inicial'),
(24, 5, 3, 4, 3, '2024-09-24', 'inicial'),
(25, 1, 4, 3, 5, '2024-09-25', 'inicial'),
(26, 4, 1, 2, 4, '2024-09-26', 'inicial'),
(27, 2, 5, 4, 1, '2024-09-27', 'inicial'),
(28, 3, 2, 5, 3, '2024-09-28', 'inicial'),
(29, 5, 3, 1, 2, '2024-09-29', 'inicial'),
(30, 1, 4, 5, 4, '2024-09-30', 'inicial'),
(31, 2, 5, 2, 3, '2024-09-01', 'inicial'),
(32, 4, 1, 3, 5, '2024-09-02', 'inicial'),
(33, 3, 3, 4, 1, '2024-09-03', 'inicial'),
(34, 5, 2, 5, 4, '2024-09-04', 'inicial'),
(35, 1, 4, 3, 2, '2024-09-05', 'inicial'),
(36, 4, 1, 2, 5, '2024-09-06', 'inicial'),
(37, 2, 5, 4, 1, '2024-09-07', 'inicial'),
(38, 3, 2, 3, 4, '2024-09-08', 'inicial'),
(39, 5, 3, 1, 2, '2024-09-09', 'inicial'),
(40, 1, 4, 5, 3, '2024-09-10', 'inicial'),
(41, 2, 5, 2, 4, '2024-09-11', 'inicial'),
(42, 4, 1, 3, 5, '2024-09-12', 'inicial'),
(43, 3, 3, 4, 2, '2024-09-13', 'inicial'),
(44, 5, 2, 5, 1, '2024-09-14', 'inicial'),
(45, 1, 4, 3, 2, '2024-09-15', 'inicial'),
(46, 2, 5, 4, 3, '2024-09-16', 'inicial'),
(47, 4, 1, 2, 5, '2024-09-17', 'inicial'),
(48, 3, 3, 5, 4, '2024-09-18', 'inicial'),
(49, 5, 2, 1, 3, '2024-09-19', 'inicial'),
(50, 1, 4, 5, 2, '2024-09-20', 'inicial'),
(51, 2, 3, 3, 4, '2024-09-21', 'inicial'),
(52, 4, 5, 2, 1, '2024-09-22', 'inicial'),
(53, 3, 1, 4, 3, '2024-09-23', 'inicial'),
(54, 5, 4, 3, 2, '2024-09-24', 'inicial'),
(55, 1, 2, 5, 5, '2024-09-25', 'inicial'),
(56, 4, 3, 1, 3, '2024-09-26', 'inicial'),
(57, 2, 5, 4, 2, '2024-09-27', 'inicial'),
(58, 3, 1, 2, 4, '2024-09-28', 'inicial'),
(59, 5, 2, 5, 1, '2024-09-29', 'inicial'),
(60, 1, 3, 3, 2, '2024-09-30', 'inicial'),
(1, 5, 4, 3, 2, '2024-09-01', 'final'),
(2, 3, 2, 5, 4, '2024-09-02', 'final'),
(3, 4, 5, 2, 3, '2024-09-03', 'final'),
(4, 2, 3, 4, 1, '2024-09-04', 'final'),
(5, 1, 1, 3, 5, '2024-09-05', 'final'),
(6, 4, 4, 5, 2, '2024-09-06', 'final'),
(7, 3, 2, 1, 4, '2024-09-07', 'final'),
(8, 5, 3, 4, 3, '2024-09-08', 'final'),
(9, 2, 5, 2, 1, '2024-09-09', 'final'),
(10, 1, 3, 4, 5, '2024-09-10', 'final'),
(11, 4, 2, 3, 4, '2024-09-11', 'final'),
(12, 3, 4, 5, 1, '2024-09-12', 'final'),
(13, 5, 1, 2, 3, '2024-09-13', 'final'),
(14, 2, 5, 3, 4, '2024-09-14', 'final'),
(15, 1, 2, 4, 2, '2024-09-15', 'final'),
(16, 4, 3, 5, 1, '2024-09-16', 'final'),
(17, 2, 4, 1, 5, '2024-09-17', 'final'),
(18, 3, 5, 2, 4, '2024-09-18', 'final'),
(19, 5, 1, 3, 2, '2024-09-19', 'final'),
(20, 1, 3, 4, 5, '2024-09-20', 'final'),
(21, 4, 4, 1, 3, '2024-09-21', 'final'),
(22, 2, 2, 5, 4, '2024-09-22', 'final'),
(23, 3, 5, 2, 1, '2024-09-23', 'final'),
(24, 5, 3, 4, 3, '2024-09-24', 'final'),
(25, 1, 4, 3, 5, '2024-09-25', 'final'),
(26, 4, 1, 2, 4, '2024-09-26', 'final'),
(27, 2, 5, 4, 1, '2024-09-27', 'final'),
(28, 3, 2, 5, 3, '2024-09-28', 'final'),
(29, 5, 3, 1, 2, '2024-09-29', 'final'),
(30, 1, 4, 5, 4, '2024-09-30', 'final'),
(31, 2, 5, 2, 3, '2024-09-01', 'final'),
(32, 4, 1, 3, 5, '2024-09-02', 'final'),
(33, 3, 3, 4, 1, '2024-09-03', 'final'),
(34, 5, 2, 5, 4, '2024-09-04', 'final'),
(35, 1, 4, 3, 2, '2024-09-05', 'final'),
(36, 4, 1, 2, 5, '2024-09-06', 'final'),
(37, 2, 5, 4, 1, '2024-09-07', 'final'),
(38, 3, 2, 3, 4, '2024-09-08', 'final'),
(39, 5, 3, 1, 2, '2024-09-09', 'final'),
(40, 1, 4, 5, 3, '2024-09-10', 'final'),
(41, 2, 5, 2, 4, '2024-09-11', 'final'),
(42, 4, 1, 3, 5, '2024-09-12', 'final'),
(43, 3, 3, 4, 2, '2024-09-13', 'final'),
(44, 5, 2, 5, 1, '2024-09-14', 'final'),
(45, 1, 4, 3, 2, '2024-09-15', 'final'),
(46, 2, 5, 4, 3, '2024-09-16', 'final'),
(47, 4, 1, 2, 5, '2024-09-17', 'final'),
(48, 3, 3, 5, 4, '2024-09-18', 'final'),
(49, 5, 2, 1, 3, '2024-09-19', 'final'),
(50, 1, 4, 5, 2, '2024-09-20', 'final'),
(51, 2, 3, 3, 4, '2024-09-21', 'final'),
(52, 4, 5, 2, 1, '2024-09-22', 'final'),
(53, 3, 1, 4, 3, '2024-09-23', 'final'),
(54, 5, 4, 3, 2, '2024-09-24', 'final'),
(55, 1, 2, 5, 5, '2024-09-25', 'final'),
(56, 4, 3, 1, 3, '2024-09-26', 'final'),
(57, 2, 5, 4, 2, '2024-09-27', 'final'),
(58, 3, 1, 2, 4, '2024-09-28', 'final'),
(59, 5, 2, 5, 1, '2024-09-29', 'final'),
(60, 1, 3, 3, 2, '2024-09-30', 'final');

